V1,code,iso3c,EU27,name,eia,iea,water_code,water_area,baci,fish,region_code,cbs,fabio_code,iso2c,region,uISO3c,Lassaletta,region_krausmann,region_HANPP,region_krausmann2,region_UN_sub,region_UN,region_ILO1,region_ILO2,region_ILO3,region_IEA,region_IPCC,region_labour,region_labour_agg,region_labour_mech,region_test
2,2,AFG,FALSE,Afghanistan,Afghanistan,,2,Afghanistan,4,4,13,TRUE,2,,South Asia,1,Afghanistan,Southern Asia,South and Central Asia,Southern Asia,Southern Asia,Asia,Asia and the Pacific,Southern Asia,Southern Asia,Emerging,Annex_II,Southern Asia,SE-Asia,no_mech,Other
3,3,ALB,FALSE,Albania,Albania,Albania,3,Albania,8,8,10,TRUE,3,,Eastern Europe,1,Albania,Eastern and South Eastern Europe,East Europe,Europe,Southern Europe,Europe,Europe and Central Asia,"Northern, Southern and Western Europe",Southern Europe,Emerging,Annex_II,Southern Europe,Europe,mech,Europe
4,4,DZA,FALSE,Algeria,Algeria,Algeria,4,Algeria,12,12,5,TRUE,4,,Northern Africa,1,Algeria,Northern Africa and Western Asia,North Africa and West Asia,MENA,Northern Africa,Africa,Africa,Northern Africa,Northern Africa,Emerging,Annex_II,Northern Africa,MENA,no_mech,Other
5,5,ASM,FALSE,American Samoa,American Samoa,,5,American Samoa,16,16,16,FALSE,999,,Oceania,1,American Samoa,Australia and Oceania,North America and Oceania,Oceania,Polynesia,Oceania,Asia and the Pacific,South-Eastern Asia and the Pacific,Pacific Islands,Emerging,Annex_II,Pacific,AUS,no_mech,Other
6,6,AND,FALSE,Andorra,,,999,Global average,20,20,9,FALSE,999,,OECD Europe,1,Andorra,Western Europe,West Europe,Europe,Southern Europe,Europe,Europe and Central Asia,"Northern, Southern and Western Europe",Southern Europe,Emerging,Annex_II,Southern Europe,Europe,mech,Europe
7,7,AGO,FALSE,Angola,Angola,Angola,7,Angola,24,24,8,TRUE,7,,Southern Africa,1,Angola,Subsaharan Africa,Sub-saharan Africa,SSA,Sub-Saharan Africa,Africa,Africa,Sub-Saharan Africa,Central Africa,Emerging,Annex_II,Middle Africa,SAA,Middle Africa,Other
248,258,AIA,FALSE,Anguilla,,,999,Global average,660,660,3,FALSE,999,,Central America,1,Anguilla,Latin America and the Caribbean,Latin America and Caribbean,LACA,Latin America and the Caribbean,Americas,Americas,Latin America and the Caribbean,Caribbean,Emerging,Annex_II,Caribbean & Centra Am.,LACA,no_mech,Other
30,30,ATA,FALSE,Antarctica,Antarctica,,999,Global average,NA,10,19,FALSE,999,,#N/A,1,Antarctica,Northern Africa and Western Asia,North Africa and West Asia,MENA,,,,,,,,,,,
8,8,ATG,FALSE,Antigua and Barbuda,Antigua and Barbuda,,8,Antigua and Barbuda,28,28,3,TRUE,8,,Central America,1,Antigua and Barbuda,Latin America and the Caribbean,Latin America and Caribbean,LACA,Latin America and the Caribbean,Americas,Americas,Latin America and the Caribbean,Caribbean,Emerging,Annex_II,Caribbean & Centra Am.,LACA,no_mech,Other
9,9,ARG,FALSE,Argentina,Argentina,Argentina,9,Argentina,32,32,4,TRUE,9,,South America,1,Argentina,Latin America and the Caribbean,Latin America and Caribbean,LACA,Latin America and the Caribbean,Americas,Americas,Latin America and the Caribbean,South America,Emerging,Annex_II,South America - South Cone,LACA,mech,Other
1,1,ARM,FALSE,Armenia,Armenia,Armenia,1,Armenia,51,51,11,TRUE,1,,Former USSR,1,Armenia,Central Asia and Russian Federation,South and Central Asia,CAS & Russia,Western Asia,Asia,Europe and Central Asia,Central and Western Asia,Western Asia,Emerging,Annex_II,FSU,FSU,no_mech,Other
22,22,ABW,FALSE,Aruba,Aruba,,999,Global average,533,533,3,FALSE,999,,Central America,1,Aruba,Latin America and the Caribbean,Latin America and Caribbean,LACA,Latin America and the Caribbean,Americas,Americas,Latin America and the Caribbean,Caribbean,Emerging,Annex_II,Caribbean & Centra Am.,LACA,no_mech,Other
10,10,AUS,FALSE,Australia,Australia,Australia,10,Australia,36,36,16,TRUE,10,,Oceania,1,Australia,Australia and Oceania,North America and Oceania,Oceania,Australia and New Zealand,Oceania,Asia and the Pacific,South-Eastern Asia and the Pacific,Pacific Islands,Advanced,Annex_I,Pacific,AUS,mech,Other
11,11,AUT,TRUE,Austria,Austria,Austria,11,Austria,40,40,9,TRUE,11,AT,OECD Europe,1,Austria,Western Europe,West Europe,Europe,Western Europe,Europe,Europe and Central Asia,"Northern, Southern and Western Europe",Western Europe,Advanced,Annex_I,Western Europe,Europe,mech,Europe
52,52,AZE,FALSE,Azerbaijan,Azerbaijan,Azerbaijan,52,Azerbaijan,31,31,11,TRUE,52,,Former USSR,1,Azerbaijan,Central Asia and Russian Federation,South and Central Asia,CAS & Russia,Western Asia,Asia,Europe and Central Asia,Central and Western Asia,Western Asia,Emerging,Annex_II,FSU,FSU,no_mech,Other
12,12,BHS,FALSE,Bahamas,"Bahamas, The",,12,Bahamas,44,44,3,TRUE,12,,Central America,1,Bahamas,Latin America and the Caribbean,Latin America and Caribbean,LACA,Latin America and the Caribbean,Americas,Americas,Latin America and the Caribbean,Caribbean,Emerging,Annex_II,Caribbean & Centra Am.,LACA,no_mech,Other
13,13,BHR,FALSE,Bahrain,Bahrain,Bahrain,13,Bahrain,48,48,12,TRUE,13,,Middle East,1,Bahrain,Northern Africa and Western Asia,North Africa and West Asia,MENA,Western Asia,Asia,Arab States,Arab States,Arab States,Emerging,Annex_II,Western Asia,MENA,no_mech,Other
16,16,BGD,FALSE,Bangladesh,Bangladesh,Bangladesh,16,Bangladesh,50,50,13,TRUE,16,,South Asia,1,Bangladesh,Southern Asia,South and Central Asia,Southern Asia,Southern Asia,Asia,Asia and the Pacific,Southern Asia,Southern Asia,Emerging,Annex_II,Southern Asia,SE-Asia,no_mech,Other
14,14,BRB,FALSE,Barbados,Barbados,,14,Barbados,52,52,3,TRUE,14,,Central America,1,Barbados,Latin America and the Caribbean,Latin America and Caribbean,LACA,Latin America and the Caribbean,Americas,Americas,Latin America and the Caribbean,Caribbean,Emerging,Annex_II,Caribbean & Centra Am.,LACA,no_mech,Other
57,57,BLR,FALSE,Belarus,Belarus,Belarus,57,Belarus,112,112,11,TRUE,57,,Former USSR,1,Belarus,Central Asia and Russian Federation,South and Central Asia,CAS & Russia,Eastern Europe,Europe,Europe and Central Asia,Eastern Europe,Eastern Europe,Emerging,Annex_I,FSU,FSU,mech,Europe
246,255,BEL,TRUE,Belgium,Belgium,Belgium,255,Belgium,56,56,9,TRUE,255,BE,OECD Europe,1,Belgium,Western Europe,West Europe,Europe,Western Europe,Europe,Europe and Central Asia,"Northern, Southern and Western Europe",Western Europe,Advanced,Annex_I,Western Europe,Europe,mech,Europe
15,15,BLX,TRUE,Belgium-Luxembourg,,,255,Belgium,58,58,9,TRUE,15,BE_LU,OECD Europe,1,Belgium-Luxemburg,Western Europe,West Europe,Europe,Western Europe,Europe,Europe and Central Asia,"Northern, Southern and Western Europe",Western Europe,Advanced,Annex_I,Western Europe,Europe,mech,Europe
23,23,BLZ,FALSE,Belize,Belize,,23,Belize,84,84,3,TRUE,23,,Central America,1,Belize,Latin America and the Caribbean,Latin America and Caribbean,LACA,Latin America and the Caribbean,Americas,Americas,Latin America and the Caribbean,Central America,Emerging,Annex_II,Caribbean & Centra Am.,LACA,no_mech,Other
53,53,BEN,FALSE,Benin,Benin,Benin,53,Benin,204,204,6,TRUE,53,,Western Africa,1,Benin,Subsaharan Africa,Sub-saharan Africa,SSA,Sub-Saharan Africa,Africa,Africa,Sub-Saharan Africa,Western Africa,Emerging,Annex_II,Western Africa,SAA,no_mech,Other
17,17,BMU,FALSE,Bermuda,Bermuda,,17,Bermuda,60,60,3,FALSE,999,,Central America,1,Bermuda,Latin America and the Caribbean,Latin America and Caribbean,LACA,Northern America,Americas,Americas,Northern America,Northern America,Emerging,Annex_II,Northern America,NAME,mech,Other
18,18,BTN,FALSE,Bhutan,Bhutan,,18,Bhutan,64,64,13,FALSE,999,,South Asia,1,Bhutan,Southern Asia,South and Central Asia,Southern Asia,Southern Asia,Asia,Asia and the Pacific,Southern Asia,Southern Asia,Emerging,Annex_II,Southern Asia,SE-Asia,no_mech,Other
19,19,BOL,FALSE,Bolivia,Bolivia,Bolivia,19,Bolivia,68,68,4,TRUE,19,,South America,1,Bolivia (Plurinational State of),Latin America and the Caribbean,Latin America and Caribbean,LACA,Latin America and the Caribbean,Americas,Americas,Latin America and the Caribbean,South America,Emerging,Annex_II,Andean & Mexico,LACA,no_mech,Other
77,80,BIH,FALSE,Bosnia and Herzegovina,Bosnia and Herzegovina,Bosnia and Herzegovina,80,Bosnia and Herzegovina,70,70,10,TRUE,80,,Eastern Europe,1,Bosnia and Herzegovina,Eastern and South Eastern Europe,East Europe,Europe,Southern Europe,Europe,Europe and Central Asia,"Northern, Southern and Western Europe",Southern Europe,Emerging,Annex_II,Southern Europe,Europe,mech,Europe
20,20,BWA,FALSE,Botswana,Botswana,Botswana,20,Botswana,72,72,8,TRUE,20,,Southern Africa,1,Botswana,Subsaharan Africa,Sub-saharan Africa,SSA,Sub-Saharan Africa,Africa,Africa,Sub-Saharan Africa,Southern Africa,Emerging,Annex_II,Southern Africa,SAA,mech,Other
31,31,BVT,FALSE,Bouvet Island,,,999,Global average,NA,74,4,FALSE,999,,South America,1,Bouvet Island,Latin America and the Caribbean,Latin America and Caribbean,LACA,Latin America and the Caribbean,Americas,Americas,Latin America and the Caribbean,South America,Emerging,Annex_II,Andean & Mexico,LACA,no_mech,Other
21,21,BRA,FALSE,Brazil,Brazil,Brazil,21,Brazil,76,76,4,TRUE,21,,South America,1,Brazil,Latin America and the Caribbean,Latin America and Caribbean,LACA,Latin America and the Caribbean,Americas,Americas,Latin America and the Caribbean,South America,Emerging,Annex_II,South America - South Cone,LACA,mech,Other
24,24,IOT,FALSE,British Indian Ocean Territory,,,999,Global average,86,86,13,FALSE,999,,South Asia,1,British Indian Ocean Territory,Southern Asia,South and Central Asia,Southern Asia,Sub-Saharan Africa,Africa,Asia and the Pacific,Southern Asia,Southern Asia,Emerging,Annex_II,Southern Asia,SE-Asia,no_mech,Other
235,239,VGB,FALSE,British Virgin Islands,"Virgin Islands, British",,999,Global average,92,92,3,FALSE,999,,Central America,1,British Virgin Islands,Latin America and the Caribbean,Latin America and Caribbean,LACA,Latin America and the Caribbean,Americas,Americas,Latin America and the Caribbean,Caribbean,Emerging,Annex_II,Caribbean & Centra Am.,LACA,no_mech,Other
26,26,BRN,FALSE,Brunei Darussalam,Brunei,Brunei Darussalam,26,Brunei Darussalam,96,96,15,TRUE,26,,South East Asia,1,Brunei Darussalam,Southeastern Asia,South and Central Asia,S&E Asia,South-eastern Asia,Asia,Asia and the Pacific,South-Eastern Asia and the Pacific,South-Eastern Asia,Emerging,Annex_II,South-eastern Asia,SE-Asia,no_mech,Other
27,27,BGR,TRUE,Bulgaria,Bulgaria,Bulgaria,27,Bulgaria,100,100,10,TRUE,27,BG,Eastern Europe,1,Bulgaria,Eastern and South Eastern Europe,East Europe,Europe,Eastern Europe,Europe,Europe and Central Asia,Eastern Europe,Eastern Europe,Emerging,Annex_I,Eastern Europe,Europe,mech,Europe
229,233,BFA,FALSE,Burkina Faso,Burkina Faso,,233,Burkina Faso,854,854,6,TRUE,233,,Western Africa,1,Burkina Faso,Subsaharan Africa,Sub-saharan Africa,SSA,Sub-Saharan Africa,Africa,Africa,Sub-Saharan Africa,Western Africa,Emerging,Annex_II,Western Africa,SAA,no_mech,Other
29,29,BDI,FALSE,Burundi,Burundi,,29,Burundi,108,108,7,TRUE,29,,Eastern Africa,1,Burundi,Subsaharan Africa,Sub-saharan Africa,SSA,Sub-Saharan Africa,Africa,Africa,Sub-Saharan Africa,Eastern Africa,Emerging,Annex_II,Eastern Africa,SAA,no_mech,Other
35,35,CPV,FALSE,Cabo Verde,Cape Verde,,35,Cape Verde,132,132,6,TRUE,35,,Western Africa,1,Cape Verde,Subsaharan Africa,Sub-saharan Africa,SSA,Sub-Saharan Africa,Africa,Africa,Sub-Saharan Africa,Western Africa,Emerging,Annex_II,Western Africa,SAA,no_mech,Other
112,115,KHM,FALSE,Cambodia,Cambodia,Cambodia,115,Cambodia,116,116,15,TRUE,115,,South East Asia,1,Cambodia,Southeastern Asia,South and Central Asia,S&E Asia,South-eastern Asia,Asia,Asia and the Pacific,South-Eastern Asia and the Pacific,South-Eastern Asia,Emerging,Annex_II,South-eastern Asia,SE-Asia,no_mech,Other
32,32,CMR,FALSE,Cameroon,Cameroon,Cameroon,32,Cameroon,120,120,6,TRUE,32,,Western Africa,1,Cameroon,Subsaharan Africa,Sub-saharan Africa,SSA,Sub-Saharan Africa,Africa,Africa,Sub-Saharan Africa,Central Africa,Emerging,Annex_II,Middle Africa,SAA,no_mech,Other
33,33,CAN,FALSE,Canada,Canada,Canada,33,Canada,124,124,1,TRUE,33,,Canada,1,Canada,Northern America,North America and Oceania,Northern America,Northern America,Americas,Americas,Northern America,Northern America,Advanced,Annex_I,Northern America,NAME,mech,Other
34,34,CTE,FALSE,Canton and Enderbury Islands,,,999,Global average,NA,128,16,FALSE,999,,Oceania,1,Canton and Enderbury Islands,Australia and Oceania,North America and Oceania,Oceania,Australia and New Zealand,Oceania,Asia and the Pacific,South-Eastern Asia and the Pacific,Pacific Islands,Advanced,Annex_I,Pacific,AUS,mech,Other
36,36,CYM,FALSE,Cayman Islands,Cayman Islands,,36,Cayman Islands,136,136,3,FALSE,999,,Central America,1,Cayman Islands,Latin America and the Caribbean,Latin America and Caribbean,LACA,Latin America and the Caribbean,Americas,Americas,Latin America and the Caribbean,Caribbean,Emerging,Annex_II,Caribbean & Centra Am.,LACA,no_mech,Other
37,37,CAF,FALSE,Central African Republic,Central African Republic,,37,Central African Republic,140,140,6,TRUE,37,,Western Africa,1,Central African Republic,Subsaharan Africa,Sub-saharan Africa,SSA,Sub-Saharan Africa,Africa,Africa,Sub-Saharan Africa,Central Africa,Emerging,Annex_II,Middle Africa,SAA,no_mech,Other
39,39,TCD,FALSE,Chad,Chad,,39,Chad,148,148,6,TRUE,39,,Western Africa,1,Chad,Subsaharan Africa,Sub-saharan Africa,SSA,Sub-Saharan Africa,Africa,Africa,Sub-Saharan Africa,Central Africa,Emerging,Annex_II,Middle Africa,SAA,no_mech,Other
40,40,CHL,FALSE,Chile,Chile,Chile,40,Chile,152,152,4,TRUE,40,,South America,1,Chile,Latin America and the Caribbean,Latin America and Caribbean,LACA,Latin America and the Caribbean,Americas,Americas,Latin America and the Caribbean,South America,Emerging,Annex_II,Andean & Mexico,LACA,no_mech,Other
259,351,,FALSE,China,,,351,China,156,156,14,FALSE,,,East Asia,1,China,Eastern Asia,East Asia,S&E Asia,,,,,,,,,,,
93,96,HKG,FALSE,"China, Hong Kong SAR",Hong Kong,"Hong Kong, China",351,China,344,344,14,TRUE,96,,East Asia,1,China,Eastern Asia,East Asia,S&E Asia,Eastern Asia,Asia,Asia and the Pacific,Eastern Asia,Eastern Asia,Emerging,Annex_II,Eastern Asia,SE-Asia,no_mech,Other
125,128,MAC,FALSE,"China, Macao SAR",Macau,,351,China,446,446,14,TRUE,128,,East Asia,1,China,Eastern Asia,East Asia,S&E Asia,Eastern Asia,Asia,Asia and the Pacific,Eastern Asia,Eastern Asia,Emerging,Annex_II,Eastern Asia,SE-Asia,no_mech,Other
41,41,CHN,FALSE,"China, mainland",China,People's Republic of China,351,China,156,156,14,TRUE,41,,East Asia,1,China,Eastern Asia,East Asia,S&E Asia,Eastern Asia,Asia,Asia and the Pacific,Eastern Asia,Eastern Asia,Emerging,Annex_II,Eastern Asia,SE-Asia,no_mech,Other
210,214,TWN,FALSE,"China, Taiwan Province of",Taiwan,Chinese Taipei,351,China,NA,158,14,TRUE,999,,East Asia,1,China,Eastern Asia,East Asia,S&E Asia,Eastern Asia,Asia,Asia and the Pacific,Eastern Asia,Eastern Asia,Emerging,Annex_II,Eastern Asia,SE-Asia,no_mech,Other
42,42,CXR,FALSE,Christmas Island,,,999,Global average,162,162,16,FALSE,999,,Oceania,1,Christmas Island,Australia and Oceania,North America and Oceania,Oceania,Australia and New Zealand,Oceania,Asia and the Pacific,South-Eastern Asia and the Pacific,Pacific Islands,Emerging,Annex_II,Pacific,AUS,mech,Other
43,43,CCK,FALSE,Cocos (Keeling) Islands,,,999,Global average,166,166,16,FALSE,999,,Oceania,1,Cocos (Keeling) Islands,Australia and Oceania,North America and Oceania,Oceania,Australia and New Zealand,Oceania,Asia and the Pacific,South-Eastern Asia and the Pacific,Pacific Islands,Emerging,Annex_II,Pacific,AUS,mech,Other
44,44,COL,FALSE,Colombia,Colombia,Colombia,44,Colombia,170,170,4,TRUE,44,,South America,1,Colombia,Latin America and the Caribbean,Latin America and Caribbean,LACA,Latin America and the Caribbean,Americas,Americas,Latin America and the Caribbean,South America,Emerging,Annex_II,Andean & Mexico,LACA,no_mech,Other
45,45,COM,FALSE,Comoros,Comoros,,45,Comoros,174,174,7,FALSE,999,,Eastern Africa,1,Comoros,Subsaharan Africa,Sub-saharan Africa,SSA,Sub-Saharan Africa,Africa,Africa,Sub-Saharan Africa,Eastern Africa,Emerging,Annex_II,Eastern Africa,SAA,no_mech,Other
46,46,COG,FALSE,Congo,Congo (Brazzaville),Republic of the Congo,46,Congo,178,178,6,TRUE,46,,Western Africa,1,Congo,Subsaharan Africa,Sub-saharan Africa,SSA,Sub-Saharan Africa,Africa,Africa,Sub-Saharan Africa,Central Africa,Emerging,Annex_II,Middle Africa,SAA,no_mech,Other
47,47,COK,FALSE,Cook Islands,Cook Islands,,47,Cook Islands,184,184,16,FALSE,999,,Oceania,1,Cook Islands,Australia and Oceania,North America and Oceania,Oceania,Polynesia,Oceania,Asia and the Pacific,South-Eastern Asia and the Pacific,Pacific Islands,Emerging,Annex_II,Pacific,AUS,no_mech,Other
48,48,CRI,FALSE,Costa Rica,Costa Rica,Costa Rica,48,Costa Rica,188,188,3,TRUE,48,,Central America,1,Costa Rica,Latin America and the Caribbean,Latin America and Caribbean,LACA,Latin America and the Caribbean,Americas,Americas,Latin America and the Caribbean,Central America,Emerging,Annex_II,Caribbean & Centra Am.,LACA,no_mech,Other
95,98,HRV,TRUE,Croatia,Croatia,Croatia,98,Croatia,191,191,10,TRUE,98,HR,Eastern Europe,1,Croatia,Eastern and South Eastern Europe,East Europe,Europe,Southern Europe,Europe,Europe and Central Asia,"Northern, Southern and Western Europe",Southern Europe,Emerging,Annex_II,Southern Europe,Europe,mech,Europe
49,49,CUB,FALSE,Cuba,Cuba,Cuba,49,Cuba,192,192,3,TRUE,49,,Central America,1,Cuba,Latin America and the Caribbean,Latin America and Caribbean,LACA,Latin America and the Caribbean,Americas,Americas,Latin America and the Caribbean,Caribbean,Emerging,Annex_II,Caribbean & Centra Am.,LACA,no_mech,Other
256,279,CUW,FALSE,Curaçao,,,999,Global average,531,NA,3,FALSE,999,,Central America,1,Curaçao,Latin America and the Caribbean,Latin America and Caribbean,LACA,Latin America and the Caribbean,Americas,Americas,Latin America and the Caribbean,Caribbean,Emerging,Annex_II,Caribbean & Centra Am.,LACA,no_mech,Other
50,50,CYP,TRUE,Cyprus,Cyprus,Cyprus,50,Cyprus,196,196,12,TRUE,50,,Middle East,1,Cyprus,Northern Africa and Western Asia,North Africa and West Asia,MENA,Western Asia,Asia,Europe and Central Asia,Central and Western Asia,Western Asia,Emerging,Annex_II,Western Asia,MENA,no_mech,Other
164,167,CZE,TRUE,Czech Republic,Czech Republic,Czech Republic,167,Czech Republic,203,203,10,TRUE,167,CZ,Eastern Europe,1,Czech Republic,Eastern and South Eastern Europe,East Europe,Europe,Eastern Europe,Europe,Europe and Central Asia,Eastern Europe,Eastern Europe,Advanced,Annex_I,Eastern Europe,Europe,mech,Europe
51,51,CSK,TRUE,Czechoslovakia,Former Czechoslovakia,,167,Czech Republic,200,200,9,TRUE,51,CZ_SK,OECD Europe,1,Czechoslovakia,Western Europe,West Europe,Europe,,,,,,,,,,,
54,54,DNK,TRUE,Denmark,Denmark,Denmark,54,Denmark,208,208,9,TRUE,54,DK,OECD Europe,1,Denmark,Western Europe,West Europe,Europe,Northern Europe,Europe,Europe and Central Asia,"Northern, Southern and Western Europe",Northern Europe,Advanced,Annex_I,Northern Europe,Europe,mech,Europe
72,72,DJI,FALSE,Djibouti,Djibouti,,72,Djibouti,262,262,7,TRUE,72,,Eastern Africa,1,Djibouti,Subsaharan Africa,Sub-saharan Africa,SSA,Sub-Saharan Africa,Africa,Africa,Sub-Saharan Africa,Eastern Africa,Emerging,Annex_II,Eastern Africa,SAA,no_mech,Other
55,55,DMA,FALSE,Dominica,Dominica,,55,Dominica,212,212,3,TRUE,55,,Central America,1,Dominica,Latin America and the Caribbean,Latin America and Caribbean,LACA,Latin America and the Caribbean,Americas,Americas,Latin America and the Caribbean,Caribbean,Emerging,Annex_II,Caribbean & Centra Am.,LACA,no_mech,Other
56,56,DOM,FALSE,Dominican Republic,Dominican Republic,Dominican Republic,56,Dominican Republic,214,214,3,TRUE,56,,Central America,1,Dominican Republic,Latin America and the Caribbean,Latin America and Caribbean,LACA,Latin America and the Caribbean,Americas,Americas,Latin America and the Caribbean,Caribbean,Emerging,Annex_II,Caribbean & Centra Am.,LACA,no_mech,Other
242,250,COD,FALSE,DR Congo,Congo (Kinshasa),Democratic Republic of the Congo,250,"Congo, Democratic Republic of",180,180,6,TRUE,250,,Western Africa,1,Democratic Republic of the Congo,Subsaharan Africa,Sub-saharan Africa,SSA,Sub-Saharan Africa,Africa,Africa,Sub-Saharan Africa,Central Africa,Emerging,Annex_II,Middle Africa,SAA,no_mech,Other
58,58,ECU,FALSE,Ecuador,Ecuador,Ecuador,58,Ecuador,218,218,4,TRUE,58,,South America,1,Ecuador,Latin America and the Caribbean,Latin America and Caribbean,LACA,Latin America and the Caribbean,Americas,Americas,Latin America and the Caribbean,South America,Emerging,Annex_II,Andean & Mexico,LACA,no_mech,Other
59,59,EGY,FALSE,Egypt,Egypt,Egypt,59,Egypt,818,818,5,TRUE,59,,Northern Africa,1,Egypt,Northern Africa and Western Asia,North Africa and West Asia,MENA,Northern Africa,Africa,Africa,Northern Africa,Northern Africa,Emerging,Annex_II,Northern Africa,MENA,no_mech,Other
60,60,SLV,FALSE,El Salvador,El Salvador,El Salvador,60,El Salvador,222,222,3,TRUE,60,,Central America,1,El Salvador,Latin America and the Caribbean,Latin America and Caribbean,LACA,Latin America and the Caribbean,Americas,Americas,Latin America and the Caribbean,Central America,Emerging,Annex_II,Caribbean & Centra Am.,LACA,no_mech,Other
61,61,GNQ,FALSE,Equatorial Guinea,Equatorial Guinea,,61,Equatorial Guinea,226,226,6,FALSE,999,,Western Africa,1,Equatorial Guinea,Subsaharan Africa,Sub-saharan Africa,SSA,Sub-Saharan Africa,Africa,Africa,Sub-Saharan Africa,Central Africa,Emerging,Annex_II,Middle Africa,SAA,no_mech,Other
175,178,ERI,FALSE,Eritrea,Eritrea,Eritrea,178,Eritrea,232,232,7,TRUE,178,,Eastern Africa,1,Eritrea,Subsaharan Africa,Sub-saharan Africa,SSA,Sub-Saharan Africa,Africa,Africa,Sub-Saharan Africa,Eastern Africa,Emerging,Annex_II,Eastern Africa,SAA,no_mech,Other
63,63,EST,TRUE,Estonia,Estonia,Estonia,63,Estonia,233,233,11,TRUE,63,EE,Former USSR,1,Estonia,Eastern and South Eastern Europe,East Europe,Europe,Northern Europe,Europe,Europe and Central Asia,"Northern, Southern and Western Europe",Northern Europe,Emerging,Annex_I,FSU,FSU,mech,Europe
205,209,SWZ,FALSE,Eswatini,Swaziland,,209,Swaziland,NA,748,8,TRUE,999,,Southern Africa,1,Swaziland,Subsaharan Africa,Sub-saharan Africa,SSA,Sub-Saharan Africa,Africa,Africa,Sub-Saharan Africa,Southern Africa,Emerging,Annex_II,Southern Africa,SAA,mech,Other
234,238,ETH,FALSE,Ethiopia,Ethiopia,Ethiopia,238,Ethiopia,231,231,7,TRUE,238,,Eastern Africa,1,Ethiopia,Subsaharan Africa,Sub-saharan Africa,SSA,Sub-Saharan Africa,Africa,Africa,Sub-Saharan Africa,Eastern Africa,Emerging,Annex_II,Eastern Africa,SAA,no_mech,Other
62,62,ETH,FALSE,Ethiopia PDR,,,999,Global average,231,230,7,TRUE,238,,Eastern Africa,0,Ethiopia PDR,Subsaharan Africa,Sub-saharan Africa,SSA,Sub-Saharan Africa,Africa,Africa,Sub-Saharan Africa,Eastern Africa,Emerging,Annex_II,Eastern Africa,SAA,no_mech,Other
65,65,FLK,FALSE,Falkland Islands (Malvinas),Falkland Islands (Islas Malvinas),,999,Global average,238,238,4,FALSE,999,,South America,1,Falkland Islands (Malvinas),Latin America and the Caribbean,Latin America and Caribbean,LACA,Latin America and the Caribbean,Americas,Americas,Latin America and the Caribbean,South America,Emerging,Annex_II,Caribbean & Centra Am.,LACA,no_mech,Other
64,64,FRO,FALSE,Faroe Islands,Faroe Islands,,64,Faroe Islands,NA,234,9,FALSE,999,,OECD Europe,1,Faroe Islands,Western Europe,West Europe,Europe,Northern Europe,Europe,Europe and Central Asia,"Northern, Southern and Western Europe",Northern Europe,Emerging,Annex_II,Northern Europe,Europe,mech,Europe
66,66,FJI,FALSE,Fiji,Fiji,,66,Fiji,242,242,16,TRUE,66,,Oceania,1,Fiji,Australia and Oceania,North America and Oceania,Oceania,Melanesia,Oceania,Asia and the Pacific,South-Eastern Asia and the Pacific,Pacific Islands,Emerging,Annex_II,Pacific,AUS,no_mech,Other
67,67,FIN,TRUE,Finland,Finland,Finland,67,Finland,246,246,9,TRUE,67,FI,OECD Europe,1,Finland,Western Europe,West Europe,Europe,Northern Europe,Europe,Europe and Central Asia,"Northern, Southern and Western Europe",Northern Europe,Advanced,Annex_I,Northern Europe,Europe,mech,Europe
68,68,FRA,TRUE,France,France,France,68,France,251,250,9,TRUE,68,FR,OECD Europe,1,France,Western Europe,West Europe,Europe,Western Europe,Europe,Europe and Central Asia,"Northern, Southern and Western Europe",Western Europe,Advanced,Annex_I,Western Europe,Europe,mech,Europe
69,69,GUF,FALSE,French Guiana,French Guiana,,69,French Guiana,NA,254,4,FALSE,999,,South America,1,French Guiana,Latin America and the Caribbean,Latin America and Caribbean,LACA,Latin America and the Caribbean,Americas,Americas,Latin America and the Caribbean,South America,Emerging,Annex_II,Andean & Mexico,LACA,no_mech,Other
70,70,PYF,FALSE,French Polynesia,French Polynesia,,70,French Polynesia,258,258,16,TRUE,70,,Oceania,1,French Polynesia,Australia and Oceania,North America and Oceania,Oceania,Polynesia,Oceania,Asia and the Pacific,South-Eastern Asia and the Pacific,Pacific Islands,Emerging,Annex_II,Pacific,AUS,no_mech,Other
71,71,ATF,FALSE,French Southern and Antarctic Territories,,,999,Global average,260,260,16,FALSE,999,,Oceania,1,French Southern and Antarctic Territories,Australia and Oceania,North America and Oceania,Oceania,Sub-Saharan Africa,Africa,Americas,Northern America,Northern America,Emerging,Annex_II,Northern America,NAME,mech,Other
74,74,GAB,FALSE,Gabon,Gabon,Gabon,74,Gabon,266,266,6,TRUE,74,,Western Africa,1,Gabon,Subsaharan Africa,Sub-saharan Africa,SSA,Sub-Saharan Africa,Africa,Africa,Sub-Saharan Africa,Central Africa,Emerging,Annex_II,Middle Africa,SAA,no_mech,Other
75,75,GMB,FALSE,Gambia,"Gambia, The",,75,Gambia,270,270,6,TRUE,75,,Western Africa,1,Gambia,Subsaharan Africa,Sub-saharan Africa,SSA,Sub-Saharan Africa,Africa,Africa,Sub-Saharan Africa,Western Africa,Emerging,Annex_II,Western Africa,SAA,no_mech,Other
73,73,GEO,FALSE,Georgia,Georgia,Georgia,73,Georgia,268,268,11,TRUE,73,,Former USSR,1,Georgia,Central Asia and Russian Federation,South and Central Asia,CAS & Russia,Western Asia,Asia,Europe and Central Asia,Central and Western Asia,Western Asia,Emerging,Annex_II,FSU,FSU,no_mech,Other
76,79,DEU,TRUE,Germany,Germany,Germany,79,Germany,276,276,9,TRUE,79,DE,OECD Europe,1,Germany,Western Europe,West Europe,Europe,Western Europe,Europe,Europe and Central Asia,"Northern, Southern and Western Europe",Western Europe,Advanced,Annex_I,Western Europe,Europe,mech,Europe
78,81,GHA,FALSE,Ghana,Ghana,Ghana,81,Ghana,288,288,6,TRUE,81,,Western Africa,1,Ghana,Subsaharan Africa,Sub-saharan Africa,SSA,Sub-Saharan Africa,Africa,Africa,Sub-Saharan Africa,Western Africa,Emerging,Annex_II,Western Africa,SAA,no_mech,Other
79,82,GIB,FALSE,Gibraltar,Gibraltar,Gibraltar,999,Global average,292,292,9,FALSE,999,,OECD Europe,1,Gibraltar,Western Europe,West Europe,Europe,Southern Europe,Europe,Europe and Central Asia,"Northern, Southern and Western Europe",Southern Europe,Emerging,Annex_II,Southern Europe,Europe,mech,Europe
81,84,GRC,TRUE,Greece,Greece,Greece,84,Greece,300,300,9,TRUE,84,GR,OECD Europe,1,Greece,Western Europe,West Europe,Europe,Southern Europe,Europe,Europe and Central Asia,"Northern, Southern and Western Europe",Southern Europe,Advanced,Annex_I,Southern Europe,Europe,mech,Europe
82,85,GRL,FALSE,Greenland,Greenland,,999,Global average,304,304,9,FALSE,999,,OECD Europe,1,Greenland,Western Europe,West Europe,Europe,Northern America,Americas,Americas,Northern America,Northern America,Emerging,Annex_II,Northern America,NAME,mech,Other
83,86,GRD,FALSE,Grenada,Grenada,,86,Grenada,308,308,3,TRUE,86,,Central America,1,Grenada,Latin America and the Caribbean,Latin America and Caribbean,LACA,Latin America and the Caribbean,Americas,Americas,Latin America and the Caribbean,Caribbean,Emerging,Annex_II,Caribbean & Centra Am.,LACA,no_mech,Other
84,87,GLP,FALSE,Guadeloupe,Guadeloupe,,87,Guadeloupe,NA,312,3,FALSE,999,,Central America,1,Guadeloupe,Latin America and the Caribbean,Latin America and Caribbean,LACA,Latin America and the Caribbean,Americas,Americas,Latin America and the Caribbean,Caribbean,Emerging,Annex_II,Caribbean & Centra Am.,LACA,no_mech,Other
85,88,GUM,FALSE,Guam,Guam,,88,Guam,316,316,16,FALSE,999,,Oceania,1,Guam,Australia and Oceania,North America and Oceania,Oceania,Micronesia,Oceania,Asia and the Pacific,South-Eastern Asia and the Pacific,Pacific Islands,Emerging,Annex_II,Pacific,AUS,mech,Other
86,89,GTM,FALSE,Guatemala,Guatemala,Guatemala,89,Guatemala,320,320,3,TRUE,89,,Central America,1,Guatemala,Latin America and the Caribbean,Latin America and Caribbean,LACA,Latin America and the Caribbean,Americas,Americas,Latin America and the Caribbean,Central America,Emerging,Annex_II,Caribbean & Centra Am.,LACA,no_mech,Other
87,90,GIN,FALSE,Guinea,Guinea,,90,Guinea,324,324,6,TRUE,90,,Western Africa,1,Guinea,Subsaharan Africa,Sub-saharan Africa,SSA,Sub-Saharan Africa,Africa,Africa,Sub-Saharan Africa,Western Africa,Emerging,Annex_II,Western Africa,SAA,no_mech,Other
172,175,GNB,FALSE,Guinea-Bissau,Guinea-Bissau,,175,Guinea-Bissau,624,624,6,TRUE,175,,Western Africa,1,Guinea-Bissau,Subsaharan Africa,Sub-saharan Africa,SSA,Sub-Saharan Africa,Africa,Africa,Sub-Saharan Africa,Western Africa,Emerging,Annex_II,Western Africa,SAA,no_mech,Other
88,91,GUY,FALSE,Guyana,Guyana,,91,Guyana,328,328,4,TRUE,91,,South America,1,Guyana,Latin America and the Caribbean,Latin America and Caribbean,LACA,Latin America and the Caribbean,Americas,Americas,Latin America and the Caribbean,South America,Emerging,Annex_II,Andean & Mexico,LACA,no_mech,Other
90,93,HTI,FALSE,Haiti,Haiti,Haiti,93,Haiti,332,332,3,TRUE,93,,Central America,1,Haiti,Latin America and the Caribbean,Latin America and Caribbean,LACA,Latin America and the Caribbean,Americas,Americas,Latin America and the Caribbean,Caribbean,Emerging,Annex_II,Caribbean & Centra Am.,LACA,no_mech,Other
89,92,HMD,FALSE,Heard and McDonald Islands,,,999,Global average,NA,334,16,FALSE,999,,Oceania,1,Heard and McDonald Islands,Australia and Oceania,North America and Oceania,Oceania,Australia and New Zealand,Oceania,,,,,,Pacific,AUS,mech,Other
91,94,VAT,FALSE,Holy See,,,999,Global average,NA,336,9,FALSE,999,,OECD Europe,1,Holy See,Western Europe,West Europe,Europe,Southern Europe,Europe,Europe and Central Asia,"Northern, Southern and Western Europe",Southern Europe,Advanced,Annex_I,Southern Europe,Europe,mech,Europe
92,95,HND,FALSE,Honduras,Honduras,Honduras,95,Honduras,340,340,3,TRUE,95,,Central America,1,Honduras,Latin America and the Caribbean,Latin America and Caribbean,LACA,Latin America and the Caribbean,Americas,Americas,Latin America and the Caribbean,Central America,Emerging,Annex_II,Caribbean & Centra Am.,LACA,no_mech,Other
94,97,HUN,TRUE,Hungary,Hungary,Hungary,97,Hungary,348,348,10,TRUE,97,HU,Eastern Europe,1,Hungary,Eastern and South Eastern Europe,East Europe,Europe,Eastern Europe,Europe,Europe and Central Asia,Eastern Europe,Eastern Europe,Advanced,Annex_I,Eastern Europe,Europe,mech,Europe
96,99,ISL,FALSE,Iceland,Iceland,Iceland,99,Iceland,352,352,9,TRUE,99,,OECD Europe,1,Iceland,Western Europe,West Europe,Europe,Northern Europe,Europe,Europe and Central Asia,"Northern, Southern and Western Europe",Northern Europe,Advanced,Annex_I,Northern Europe,Europe,mech,Europe
97,100,IND,FALSE,India,India,India,100,India,699,356,13,TRUE,100,,South Asia,1,India,Southern Asia,South and Central Asia,Southern Asia,Southern Asia,Asia,Asia and the Pacific,Southern Asia,Southern Asia,Emerging,Annex_II,Southern Asia,SE-Asia,no_mech,Other
98,101,IDN,FALSE,Indonesia,Indonesia,Indonesia,101,Indonesia,360,360,15,TRUE,101,,South East Asia,1,Indonesia,Southeastern Asia,South and Central Asia,S&E Asia,South-eastern Asia,Asia,Asia and the Pacific,South-Eastern Asia and the Pacific,South-Eastern Asia,Emerging,Annex_II,South-eastern Asia,SE-Asia,no_mech,Other
99,102,IRN,FALSE,Iran,Iran,Islamic Republic of Iran,102,"Iran, Islamic Republic of",364,364,12,TRUE,102,,Middle East,1,Iran (Islamic Republic of),Southern Asia,South and Central Asia,Southern Asia,Southern Asia,Asia,Asia and the Pacific,Southern Asia,Southern Asia,Emerging,Annex_II,Southern Asia,SE-Asia,no_mech,Other
100,103,IRQ,FALSE,Iraq,Iraq,Iraq,103,Iraq,368,368,12,TRUE,103,,Middle East,1,Iraq,Northern Africa and Western Asia,North Africa and West Asia,MENA,Western Asia,Asia,Arab States,Arab States,Arab States,Emerging,Annex_II,Western Asia,MENA,no_mech,Other
101,104,IRL,TRUE,Ireland,Ireland,Ireland,104,Ireland,372,372,9,TRUE,104,IE,OECD Europe,1,Ireland,Western Europe,West Europe,Europe,Northern Europe,Europe,Europe and Central Asia,"Northern, Southern and Western Europe",Northern Europe,Advanced,Annex_I,Northern Europe,Europe,mech,Europe
102,105,ISR,FALSE,Israel,Israel,Israel,105,Israel,376,376,12,TRUE,105,,Middle East,1,Israel,Northern Africa and Western Asia,North Africa and West Asia,MENA,Western Asia,Asia,Europe and Central Asia,Central and Western Asia,Western Asia,Advanced,Annex_II,Western Asia,MENA,no_mech,Other
103,106,ITA,TRUE,Italy,Italy,Italy,106,Italy,381,380,9,TRUE,106,IT,OECD Europe,1,Italy,Western Europe,West Europe,Europe,Southern Europe,Europe,Europe and Central Asia,"Northern, Southern and Western Europe",Southern Europe,Advanced,Annex_I,Southern Europe,Europe,mech,Europe
104,107,CIV,FALSE,Ivory Coast,Cote dIvoire (IvoryCoast),Côte d'Ivoire,107,Côte d'Ivoire,384,384,6,TRUE,107,,Western Africa,1,Cote d'Ivoire,Subsaharan Africa,Sub-saharan Africa,SSA,Sub-Saharan Africa,Africa,Africa,Sub-Saharan Africa,Western Africa,Emerging,Annex_II,Western Africa,SAA,no_mech,Other
106,109,JAM,FALSE,Jamaica,Jamaica,Jamaica,109,Jamaica,388,388,3,TRUE,109,,Central America,1,Jamaica,Latin America and the Caribbean,Latin America and Caribbean,LACA,Latin America and the Caribbean,Americas,Americas,Latin America and the Caribbean,Caribbean,Emerging,Annex_II,Caribbean & Centra Am.,LACA,no_mech,Other
107,110,JPN,FALSE,Japan,Japan,Japan,110,Japan,392,392,17,TRUE,110,,Japan,1,Japan,Eastern Asia,East Asia,S&E Asia,Eastern Asia,Asia,Asia and the Pacific,Eastern Asia,Eastern Asia,Advanced,Annex_I,Eastern Asia,SE-Asia,no_mech,Other
108,111,JTN,FALSE,Johnston Island,,,999,Global average,NA,396,16,FALSE,999,,Oceania,1,Johnston Island,Australia and Oceania,North America and Oceania,Oceania,Northern America,Americas,Americas,Northern America,Northern America,Advanced,Annex_I,Northern America,NAME,mech,Other
109,112,JOR,FALSE,Jordan,Jordan,Jordan,112,Jordan,400,400,12,TRUE,112,,Middle East,1,Jordan,Northern Africa and Western Asia,North Africa and West Asia,MENA,Western Asia,Asia,Arab States,Arab States,Arab States,Emerging,Annex_II,Western Asia,MENA,no_mech,Other
105,108,KAZ,FALSE,Kazakhstan,Kazakhstan,Kazakhstan,108,Kazakhstan,398,398,11,TRUE,108,,Former USSR,1,Kazakhstan,Central Asia and Russian Federation,South and Central Asia,CAS & Russia,Central Asia,Asia,Europe and Central Asia,Central and Western Asia,Central Asia,Emerging,Annex_II,FSU,FSU,mech,Other
111,114,KEN,FALSE,Kenya,Kenya,Kenya,114,Kenya,404,404,7,TRUE,114,,Eastern Africa,1,Kenya,Subsaharan Africa,Sub-saharan Africa,SSA,Sub-Saharan Africa,Africa,Africa,Sub-Saharan Africa,Eastern Africa,Emerging,Annex_II,Eastern Africa,SAA,no_mech,Other
80,83,KIR,FALSE,Kiribati,Kiribati,,83,Kiribati,296,296,16,TRUE,83,,Oceania,1,Kiribati,Australia and Oceania,North America and Oceania,Oceania,Micronesia,Oceania,Asia and the Pacific,South-Eastern Asia and the Pacific,Pacific Islands,Emerging,Annex_II,Pacific,AUS,mech,Other
115,118,KWT,FALSE,Kuwait,Kuwait,Kuwait,118,Kuwait,414,414,12,TRUE,118,,Middle East,1,Kuwait,Northern Africa and Western Asia,North Africa and West Asia,MENA,Western Asia,Asia,Arab States,Arab States,Arab States,Emerging,Annex_II,Western Asia,MENA,no_mech,Other
110,113,KGZ,FALSE,Kyrgyzstan,Kyrgyzstan,Kyrgyzstan,113,Kyrgyzstan,417,417,11,TRUE,113,,Former USSR,1,Kyrgyzstan,Central Asia and Russian Federation,South and Central Asia,CAS & Russia,Central Asia,Asia,Europe and Central Asia,Central and Western Asia,Central Asia,Emerging,Annex_II,FSU,FSU,mech,Other
117,120,LAO,FALSE,Lao,Laos,,120,Lao People's Democratic Republic,418,418,15,TRUE,120,,South East Asia,1,Lao People's Democratic Republic,Southeastern Asia,South and Central Asia,S&E Asia,South-eastern Asia,Asia,Asia and the Pacific,South-Eastern Asia and the Pacific,South-Eastern Asia,Emerging,Annex_II,South-eastern Asia,SE-Asia,no_mech,Other
116,119,LVA,TRUE,Latvia,Latvia,Latvia,119,Latvia,428,428,11,TRUE,119,LV,Former USSR,1,Latvia,Eastern and South Eastern Europe,East Europe,Europe,Northern Europe,Europe,Europe and Central Asia,"Northern, Southern and Western Europe",Northern Europe,Emerging,Annex_I,FSU,FSU,mech,Europe
118,121,LBN,FALSE,Lebanon,Lebanon,Lebanon,121,Lebanon,422,422,12,TRUE,121,,Middle East,1,Lebanon,Northern Africa and Western Asia,North Africa and West Asia,MENA,Western Asia,Asia,Arab States,Arab States,Arab States,Emerging,Annex_II,Western Asia,MENA,no_mech,Other
119,122,LSO,FALSE,Lesotho,Lesotho,,122,Lesotho,426,426,8,TRUE,122,,Southern Africa,1,Lesotho,Subsaharan Africa,Sub-saharan Africa,SSA,Sub-Saharan Africa,Africa,Africa,Sub-Saharan Africa,Southern Africa,Emerging,Annex_II,Southern Africa,SAA,mech,Other
120,123,LBR,FALSE,Liberia,Liberia,,123,Liberia,430,430,6,TRUE,123,,Western Africa,1,Liberia,Subsaharan Africa,Sub-saharan Africa,SSA,Sub-Saharan Africa,Africa,Africa,Sub-Saharan Africa,Western Africa,Emerging,Annex_II,Western Africa,SAA,no_mech,Other
121,124,LBY,FALSE,Libya,Libya,Libya,124,Libyan Arab Jamahiriya,434,434,5,TRUE,124,,Northern Africa,1,Libya,Northern Africa and Western Asia,North Africa and West Asia,MENA,Northern Africa,Africa,Africa,Northern Africa,Northern Africa,Emerging,Annex_II,Northern Africa,MENA,no_mech,Other
122,125,LIE,FALSE,Liechtenstein,,,999,Global average,NA,438,9,FALSE,999,,OECD Europe,1,Liechtenstein,Western Europe,West Europe,Europe,Western Europe,Europe,Europe and Central Asia,"Northern, Southern and Western Europe",Western Europe,Emerging,Annex_II,Western Europe,Europe,mech,Europe
123,126,LTU,TRUE,Lithuania,Lithuania,Lithuania,126,Lithuania,440,440,11,TRUE,126,LT,Former USSR,1,Lithuania,Eastern and South Eastern Europe,East Europe,Europe,Northern Europe,Europe,Europe and Central Asia,"Northern, Southern and Western Europe",Northern Europe,Emerging,Annex_I,FSU,FSU,mech,Europe
247,256,LUX,TRUE,Luxembourg,Luxembourg,Luxembourg,256,Luxembourg,442,442,9,TRUE,256,LU,OECD Europe,1,Luxembourg,Western Europe,West Europe,Europe,Western Europe,Europe,Europe and Central Asia,"Northern, Southern and Western Europe",Western Europe,Advanced,Annex_I,Western Europe,Europe,mech,Europe
126,129,MDG,FALSE,Madagascar,Madagascar,,129,Madagascar,450,450,7,TRUE,129,,Eastern Africa,1,Madagascar,Subsaharan Africa,Sub-saharan Africa,SSA,Sub-Saharan Africa,Africa,Africa,Sub-Saharan Africa,Eastern Africa,Emerging,Annex_II,Eastern Africa,SAA,no_mech,Other
127,130,MWI,FALSE,Malawi,Malawi,,130,Malawi,454,454,8,TRUE,130,,Southern Africa,1,Malawi,Subsaharan Africa,Sub-saharan Africa,SSA,Sub-Saharan Africa,Africa,Africa,Sub-Saharan Africa,Eastern Africa,Emerging,Annex_II,Eastern Africa,SAA,no_mech,Other
128,131,MYS,FALSE,Malaysia,Malaysia,Malaysia,131,Malaysia,458,458,15,TRUE,131,,South East Asia,1,Malaysia,Southeastern Asia,South and Central Asia,S&E Asia,South-eastern Asia,Asia,Asia and the Pacific,South-Eastern Asia and the Pacific,South-Eastern Asia,Emerging,Annex_II,South-eastern Asia,SE-Asia,no_mech,Other
129,132,MDV,FALSE,Maldives,Maldives,,132,Maldives,462,462,13,TRUE,132,,South Asia,1,Maldives,Southern Asia,South and Central Asia,Southern Asia,Southern Asia,Asia,Asia and the Pacific,Southern Asia,Southern Asia,Emerging,Annex_II,Southern Asia,SE-Asia,no_mech,Other
130,133,MLI,FALSE,Mali,Mali,,133,Mali,466,466,6,TRUE,133,,Western Africa,1,Mali,Subsaharan Africa,Sub-saharan Africa,SSA,Sub-Saharan Africa,Africa,Africa,Sub-Saharan Africa,Western Africa,Emerging,Annex_II,Western Africa,SAA,no_mech,Other
131,134,MLT,TRUE,Malta,Malta,Malta,134,Malta,470,470,9,TRUE,134,,OECD Europe,1,Malta,Western Europe,West Europe,Europe,Southern Europe,Europe,Europe and Central Asia,"Northern, Southern and Western Europe",Southern Europe,Emerging,Annex_II,Southern Europe,Europe,mech,Europe
124,127,MHL,FALSE,Marshall Islands,,,127,Marshall Islands,584,584,16,FALSE,999,,Oceania,1,Marshall Islands,Australia and Oceania,North America and Oceania,Oceania,Micronesia,Oceania,Asia and the Pacific,South-Eastern Asia and the Pacific,Pacific Islands,Emerging,Annex_II,Pacific,AUS,mech,Other
132,135,MTQ,FALSE,Martinique,Martinique,,135,Martinique,NA,474,3,FALSE,999,,Central America,1,Martinique,Latin America and the Caribbean,Latin America and Caribbean,LACA,Latin America and the Caribbean,Americas,Americas,Latin America and the Caribbean,Caribbean,Emerging,Annex_II,Caribbean & Centra Am.,LACA,no_mech,Other
133,136,MRT,FALSE,Mauritania,Mauritania,,136,Mauritania,478,478,6,TRUE,136,,Western Africa,1,Mauritania,Subsaharan Africa,Sub-saharan Africa,SSA,Sub-Saharan Africa,Africa,Africa,Sub-Saharan Africa,Western Africa,Emerging,Annex_II,Western Africa,SAA,no_mech,Other
134,137,MUS,FALSE,Mauritius,Mauritius,Mauritius,137,Mauritius,480,480,7,TRUE,137,,Eastern Africa,1,Mauritius,Subsaharan Africa,Sub-saharan Africa,SSA,Sub-Saharan Africa,Africa,Africa,Sub-Saharan Africa,Eastern Africa,Emerging,Annex_II,Eastern Africa,SAA,no_mech,Other
250,270,MYT,FALSE,Mayotte,,,999,Global average,175,175,7,FALSE,999,,Eastern Africa,1,Mayotte,Subsaharan Africa,Sub-saharan Africa,SSA,Sub-Saharan Africa,Africa,Africa,Sub-Saharan Africa,Eastern Africa,Emerging,Annex_II,Eastern Africa,SAA,no_mech,Other
135,138,MEX,FALSE,Mexico,Mexico,Mexico,138,Mexico,484,484,3,TRUE,138,,Central America,1,Mexico,Latin America and the Caribbean,Latin America and Caribbean,LACA,Latin America and the Caribbean,Americas,Americas,Latin America and the Caribbean,Central America,Emerging,Annex_II,Andean & Mexico,LACA,no_mech,Other
142,145,FSM,FALSE,Micronesia (Federated States of),,,145,"Micronesia, Federated States of",583,583,16,FALSE,999,,Oceania,1,Micronesia (Federated States of),Australia and Oceania,North America and Oceania,Oceania,Micronesia,Oceania,Asia and the Pacific,South-Eastern Asia and the Pacific,Pacific Islands,Emerging,Annex_II,Pacific,AUS,mech,Other
136,139,MID,FALSE,Midway Island,,,999,Global average,NA,488,16,FALSE,999,,Oceania,1,Midway Island,Australia and Oceania,North America and Oceania,Oceania,Micronesia,Oceania,Asia and the Pacific,South-Eastern Asia and the Pacific,Pacific Islands,Emerging,Annex_II,Pacific,AUS,mech,Other
143,146,MDA,FALSE,Moldova,Moldova,Republic of Moldova,146,Moldova,498,498,11,TRUE,146,,Former USSR,1,Moldova,Eastern and South Eastern Europe,East Europe,Europe,Eastern Europe,Europe,Europe and Central Asia,Eastern Europe,Eastern Europe,Emerging,Annex_II,FSU,FSU,mech,Europe
137,140,MCO,FALSE,Monaco,,,999,Global average,NA,492,9,FALSE,999,,OECD Europe,1,Monaco,Western Europe,West Europe,Europe,Western Europe,Europe,Europe and Central Asia,"Northern, Southern and Western Europe",Western Europe,Emerging,Annex_II,Western Europe,Europe,mech,Europe
138,141,MNG,FALSE,Mongolia,Mongolia,Mongolia,141,Mongolia,496,496,14,TRUE,141,,East Asia,1,Mongolia,Eastern Asia,East Asia,S&E Asia,Eastern Asia,Asia,Asia and the Pacific,Eastern Asia,Eastern Asia,Emerging,Annex_II,Eastern Asia,SE-Asia,no_mech,Other
253,273,MNE,FALSE,Montenegro,Montenegro,Montenegro,186,Serbia and Montenegro,499,499,9,TRUE,273,,OECD Europe,1,Montenegro,Western Europe,West Europe,Europe,Southern Europe,Europe,Europe and Central Asia,"Northern, Southern and Western Europe",Southern Europe,Emerging,Annex_II,Southern Europe,Europe,mech,Europe
139,142,MSR,FALSE,Montserrat,Montserrat,,142,Montserrat,500,500,3,FALSE,999,,Central America,1,Montserrat,Latin America and the Caribbean,Latin America and Caribbean,LACA,Latin America and the Caribbean,Americas,Americas,Latin America and the Caribbean,Caribbean,Emerging,Annex_II,Caribbean & Centra Am.,LACA,no_mech,Other
140,143,MAR,FALSE,Morocco,Morocco,Morocco,143,Morocco,504,504,5,TRUE,143,,Northern Africa,1,Morocco,Northern Africa and Western Asia,North Africa and West Asia,MENA,Northern Africa,Africa,Africa,Northern Africa,Northern Africa,Emerging,Annex_II,Northern Africa,MENA,no_mech,Other
141,144,MOZ,FALSE,Mozambique,Mozambique,Mozambique,144,Mozambique,508,508,8,TRUE,144,,Southern Africa,1,Mozambique,Subsaharan Africa,Sub-saharan Africa,SSA,Sub-Saharan Africa,Africa,Africa,Sub-Saharan Africa,Eastern Africa,Emerging,Annex_II,Eastern Africa,SAA,no_mech,Other
28,28,MMR,FALSE,Myanmar,Burma (Myanmar),Myanmar,28,Myanmar,104,104,15,TRUE,28,,South East Asia,1,Myanmar,Southeastern Asia,South and Central Asia,S&E Asia,South-eastern Asia,Asia,Asia and the Pacific,South-Eastern Asia and the Pacific,South-Eastern Asia,Emerging,Annex_II,South-eastern Asia,SE-Asia,no_mech,Other
144,147,NAM,FALSE,Namibia,Namibia,Namibia,147,Namibia,516,516,8,TRUE,147,,Southern Africa,1,Namibia,Subsaharan Africa,Sub-saharan Africa,SSA,Sub-Saharan Africa,Africa,Africa,Sub-Saharan Africa,Southern Africa,Emerging,Annex_II,Southern Africa,SAA,mech,Other
145,148,NRU,FALSE,Nauru,Nauru,,148,Nauru,520,520,16,FALSE,999,,Oceania,1,Nauru,Australia and Oceania,North America and Oceania,Oceania,Micronesia,Oceania,Asia and the Pacific,South-Eastern Asia and the Pacific,Pacific Islands,Emerging,Annex_II,Pacific,AUS,mech,Other
146,149,NPL,FALSE,Nepal,Nepal,Nepal,149,Nepal,524,524,13,TRUE,149,,South Asia,1,Nepal,Southern Asia,South and Central Asia,Southern Asia,Southern Asia,Asia,Asia and the Pacific,Southern Asia,Southern Asia,Emerging,Annex_II,Southern Asia,SE-Asia,no_mech,Other
147,150,NLD,TRUE,Netherlands,Netherlands,Netherlands,150,Netherlands,528,528,9,TRUE,150,NL,OECD Europe,1,Netherlands,Western Europe,West Europe,Europe,Western Europe,Europe,Europe and Central Asia,"Northern, Southern and Western Europe",Western Europe,Advanced,Annex_I,Western Europe,Europe,mech,Europe
148,151,ANT,FALSE,Netherlands Antilles,Netherlands Antilles,Netherlands Antilles / Curaçao,999,Global average,530,530,3,TRUE,151,,Central America,1,Netherlands Antilles,Latin America and the Caribbean,Latin America and Caribbean,LACA,,,Americas,Latin America and the Caribbean,Caribbean,Emerging,Annex_II,Caribbean & Centra Am.,LACA,no_mech,Other
149,152,NTZ,FALSE,Neutral Zone,,,999,Global average,NA,536,12,FALSE,999,,Middle East,1,Neutral Zone,Northern Africa and Western Asia,North Africa and West Asia,MENA,,,,,,,,,,,Other
150,153,NCL,FALSE,New Caledonia,New Caledonia,,153,New Caledonia,540,540,16,TRUE,999,,Oceania,1,New Caledonia,Australia and Oceania,North America and Oceania,Oceania,Melanesia,Oceania,Asia and the Pacific,South-Eastern Asia and the Pacific,Pacific Islands,Emerging,Annex_II,Pacific,AUS,no_mech,Other
153,156,NZL,FALSE,New Zealand,New Zealand,New Zealand,156,New Zealand,554,554,16,TRUE,156,,Oceania,1,New Zealand,Australia and Oceania,North America and Oceania,Oceania,Australia and New Zealand,Oceania,Asia and the Pacific,South-Eastern Asia and the Pacific,Pacific Islands,Advanced,Annex_I,Pacific,AUS,mech,Other
154,157,NIC,FALSE,Nicaragua,Nicaragua,Nicaragua,157,Nicaragua,558,558,3,TRUE,157,,Central America,1,Nicaragua,Latin America and the Caribbean,Latin America and Caribbean,LACA,Latin America and the Caribbean,Americas,Americas,Latin America and the Caribbean,Central America,Emerging,Annex_II,Caribbean & Centra Am.,LACA,no_mech,Other
155,158,NER,FALSE,Niger,Niger,Niger,158,Niger,562,562,6,TRUE,158,,Western Africa,1,Niger,Subsaharan Africa,Sub-saharan Africa,SSA,Sub-Saharan Africa,Africa,Africa,Sub-Saharan Africa,Western Africa,Emerging,Annex_II,Western Africa,SAA,no_mech,Other
156,159,NGA,FALSE,Nigeria,Nigeria,Nigeria,159,Nigeria,566,566,6,TRUE,159,,Western Africa,1,Nigeria,Subsaharan Africa,Sub-saharan Africa,SSA,Sub-Saharan Africa,Africa,Africa,Sub-Saharan Africa,Western Africa,Emerging,Annex_II,Western Africa,SAA,no_mech,Other
157,160,NIU,FALSE,Niue,Niue,,160,Niue,570,570,16,FALSE,999,,Oceania,1,Niue,Australia and Oceania,North America and Oceania,Oceania,Polynesia,Oceania,Asia and the Pacific,South-Eastern Asia and the Pacific,Pacific Islands,Emerging,Annex_II,Pacific,AUS,no_mech,Other
158,161,NFK,FALSE,Norfolk Island,,,999,Global average,574,574,16,FALSE,999,,Oceania,1,Norfolk Island,Australia and Oceania,North America and Oceania,Oceania,Australia and New Zealand,Oceania,Asia and the Pacific,South-Eastern Asia and the Pacific,Pacific Islands,Emerging,Annex_II,Pacific,AUS,no_mech,Other
113,116,PRK,FALSE,North Korea,"Korea, North",Democratic People's Republic of Korea,116,"Korea, Democratic People's Republic of",408,408,14,TRUE,116,,East Asia,1,DPRepublic of Korea,Eastern Asia,East Asia,S&E Asia,Eastern Asia,Asia,Asia and the Pacific,Eastern Asia,Eastern Asia,Emerging,Annex_II,Eastern Asia,SE-Asia,no_mech,Other
151,154,MKD,FALSE,North Macedonia,Macedonia,Former Yugoslav Republic of Macedonia,154,The former Yugoslav Republic of Macedonia,807,807,10,TRUE,999,,Eastern Europe,1,North Macedonia,Eastern and South Eastern Europe,East Europe,Europe,Southern Europe,Europe,Europe and Central Asia,"Northern, Southern and Western Europe",Southern Europe,Emerging,Annex_II,Southern Europe,Europe,mech,Europe
160,163,MNP,FALSE,Northern Mariana Islands,,,999,Global average,580,580,16,FALSE,999,,Oceania,1,Northern Mariana Islands,Australia and Oceania,North America and Oceania,Oceania,Micronesia,Oceania,Asia and the Pacific,South-Eastern Asia and the Pacific,Pacific Islands,Emerging,Annex_II,Pacific,Micronesia,Micronesia,Other
159,162,NOR,FALSE,Norway,Norway,Norway,162,Norway,579,578,9,TRUE,162,,OECD Europe,1,Norway,Western Europe,West Europe,Europe,Northern Europe,Europe,Europe and Central Asia,"Northern, Southern and Western Europe",Northern Europe,Advanced,Annex_I,Northern Europe,Europe,mech,Europe
217,221,OMN,FALSE,Oman,Oman,Oman,221,Oman,512,512,12,TRUE,221,,Middle East,1,Oman,Northern Africa and Western Asia,North Africa and West Asia,MENA,Western Asia,Asia,Arab States,Arab States,Arab States,Emerging,Annex_II,Western Asia,MENA,no_mech,Other
245,254,OXY,FALSE,Others (adjustment),,,999,Global average,NA,NA,NA,FALSE,999,,#N/A,1,Others (adjustment),Northern Africa and Western Asia,North Africa and West Asia,MENA,,,,,,,,,,,
161,164,PCI,FALSE,Pacific Islands Trust Territory,,,999,Global average,NA,582,15,FALSE,999,,South East Asia,1,Pacific Islands Trust Territory,Southeastern Asia,South and Central Asia,S&E Asia,Australia and New Zealand,Oceania,Asia and the Pacific,South-Eastern Asia and the Pacific,Pacific Islands,Emerging,Annex_II,Pacific,AUS,mech,Other
162,165,PAK,FALSE,Pakistan,Pakistan,Pakistan,165,Pakistan,586,586,13,TRUE,165,,South Asia,1,Pakistan,Southern Asia,South and Central Asia,Southern Asia,Southern Asia,Asia,Asia and the Pacific,Southern Asia,Southern Asia,Emerging,Annex_II,Southern Asia,SE-Asia,no_mech,Other
177,180,PLW,FALSE,Palau,,,999,Global average,585,585,16,FALSE,999,,Oceania,1,Palau,Australia and Oceania,North America and Oceania,Oceania,Micronesia,Oceania,Asia and the Pacific,South-Eastern Asia and the Pacific,Pacific Islands,Emerging,Annex_II,Pacific,AUS,mech,Other
258,299,PSE,FALSE,Palestine,Palestinian Territories,,299,Occupied Palestinian Territory,275,275,12,FALSE,999,,Middle East,1,Occupied Palestinian Territory,Northern Africa and Western Asia,North Africa and West Asia,MENA,Western Asia,Asia,Arab States,Arab States,Arab States,Emerging,Annex_II,Western Asia,MENA,no_mech,Other
163,166,PAN,FALSE,Panama,Panama,Panama,166,Panama,591,591,3,TRUE,166,,Central America,1,Panama,Latin America and the Caribbean,Latin America and Caribbean,LACA,Latin America and the Caribbean,Americas,Americas,Latin America and the Caribbean,Central America,Emerging,Annex_II,Caribbean & Centra Am.,LACA,no_mech,Other
165,168,PNG,FALSE,Papua New Guinea,Papua New Guinea,,168,Papua New Guinea,598,598,16,TRUE,168,,Oceania,1,Papua New Guinea,Australia and Oceania,North America and Oceania,Oceania,Melanesia,Oceania,Asia and the Pacific,South-Eastern Asia and the Pacific,Pacific Islands,Emerging,Annex_II,Pacific,AUS,no_mech,Other
166,169,PRY,FALSE,Paraguay,Paraguay,Paraguay,169,Paraguay,600,600,4,TRUE,169,,South America,1,Paraguay,Latin America and the Caribbean,Latin America and Caribbean,LACA,Latin America and the Caribbean,Americas,Americas,Latin America and the Caribbean,South America,Emerging,Annex_II,South America - South Cone,LACA,no_mech,Other
167,170,PER,FALSE,Peru,Peru,Peru,170,Peru,604,604,4,TRUE,170,,South America,1,Peru,Latin America and the Caribbean,Latin America and Caribbean,LACA,Latin America and the Caribbean,Americas,Americas,Latin America and the Caribbean,South America,Emerging,Annex_II,Andean & Mexico,LACA,no_mech,Other
168,171,PHL,FALSE,Philippines,Philippines,Philippines,171,Philippines,608,608,15,TRUE,171,,South East Asia,1,Philippines,Southeastern Asia,South and Central Asia,S&E Asia,South-eastern Asia,Asia,Asia and the Pacific,South-Eastern Asia and the Pacific,South-Eastern Asia,Emerging,Annex_II,South-eastern Asia,SE-Asia,no_mech,Other
169,172,PCN,FALSE,Pitcairn Islands,,,999,Global average,612,612,16,FALSE,999,,Oceania,1,Pitcairn Islands,Australia and Oceania,North America and Oceania,Oceania,Polynesia,Oceania,Asia and the Pacific,South-Eastern Asia and the Pacific,Pacific Islands,Emerging,Annex_II,Pacific,AUS,no_mech,Other
170,173,POL,TRUE,Poland,Poland,Poland,173,Poland,616,616,10,TRUE,173,PL,Eastern Europe,1,Poland,Eastern and South Eastern Europe,East Europe,Europe,Eastern Europe,Europe,Europe and Central Asia,Eastern Europe,Eastern Europe,Advanced,Annex_I,Eastern Europe,Europe,mech,Europe
171,174,PRT,TRUE,Portugal,Portugal,Portugal,174,Portugal,620,620,9,TRUE,174,PT,OECD Europe,1,Portugal,Western Europe,West Europe,Europe,Southern Europe,Europe,Europe and Central Asia,"Northern, Southern and Western Europe",Southern Europe,Advanced,Annex_I,Southern Europe,Europe,mech,Europe
174,177,PRI,FALSE,Puerto Rico,Puerto Rico,,177,Puerto Rico,NA,630,3,TRUE,177,,Central America,1,Puerto Rico,Latin America and the Caribbean,Latin America and Caribbean,LACA,Latin America and the Caribbean,Americas,Americas,Latin America and the Caribbean,Caribbean,Emerging,Annex_II,Caribbean & Centra Am.,LACA,no_mech,Other
176,179,QAT,FALSE,Qatar,Qatar,Qatar,179,Qatar,634,634,12,TRUE,179,,Middle East,1,Qatar,Northern Africa and Western Asia,North Africa and West Asia,MENA,Western Asia,Asia,Arab States,Arab States,Arab States,Emerging,Annex_II,Western Asia,MENA,no_mech,Other
179,182,REU,FALSE,Reunion,Reunion,,182,Reunion,NA,638,7,FALSE,999,,Eastern Africa,1,Reunion,Subsaharan Africa,Sub-saharan Africa,SSA,Sub-Saharan Africa,Africa,Africa,Sub-Saharan Africa,Eastern Africa,Emerging,Annex_II,Eastern Africa,SAA,no_mech,Other
180,183,ROU,TRUE,Romania,Romania,Romania,183,Romania,642,642,10,TRUE,183,RO,Eastern Europe,1,Romania,Eastern and South Eastern Europe,East Europe,Europe,Eastern Europe,Europe,Europe and Central Asia,Eastern Europe,Eastern Europe,Emerging,Annex_I,Eastern Europe,Europe,mech,Europe
260,999,ROW,FALSE,RoW,,,999,Global average,NA,NA,NA,TRUE,999,,#N/A,1,RoW,Northern Africa and Western Asia,North Africa and West Asia,RoW,RoW,RoW,RoW,RoW,RoW,RoW,RoW,RoW,RoW,RoW,Other
182,185,RUS,FALSE,Russian Federation,Russia,Russia,185,Russian Federation,643,643,11,TRUE,185,,Former USSR,1,Russian Federation,Central Asia and Russian Federation,South and Central Asia,CAS & Russia,Eastern Europe,Europe,Europe and Central Asia,Eastern Europe,Eastern Europe,Emerging,Annex_I,FSU,FSU,mech,Europe
181,184,RWA,FALSE,Rwanda,Rwanda,,184,Rwanda,646,646,7,TRUE,184,,Eastern Africa,1,Rwanda,Subsaharan Africa,Sub-saharan Africa,SSA,Sub-Saharan Africa,Africa,Africa,Sub-Saharan Africa,Eastern Africa,Emerging,Annex_II,Eastern Africa,SAA,no_mech,Other
184,187,SHN,FALSE,"Saint Helena, Ascension and Tristan da Cunha",Saint Helena,,999,Global average,654,654,6,FALSE,999,,Western Africa,1,"Saint Helena, Ascension and Tristan da Cunha",Subsaharan Africa,Sub-saharan Africa,SSA,Sub-Saharan Africa,Africa,Africa,Sub-Saharan Africa,Western Africa,Emerging,Annex_II,Western Africa,SAA,no_mech,Other
185,188,KNA,FALSE,Saint Kitts and Nevis,Saint Kitts and Nevis,,188,Saint Kitts and Nevis,659,659,3,TRUE,188,,Central America,1,Saint Kitts and Nevis,Latin America and the Caribbean,Latin America and Caribbean,LACA,Latin America and the Caribbean,Americas,Americas,Latin America and the Caribbean,Caribbean,Emerging,Annex_II,Caribbean & Centra Am.,LACA,no_mech,Other
186,189,LCA,FALSE,Saint Lucia,Saint Lucia,,189,Saint Lucia,662,662,3,TRUE,189,,Central America,1,Saint Lucia,Latin America and the Caribbean,Latin America and Caribbean,LACA,Latin America and the Caribbean,Americas,Americas,Latin America and the Caribbean,Caribbean,Emerging,Annex_II,Caribbean & Centra Am.,LACA,no_mech,Other
187,190,SPM,FALSE,Saint Pierre and Miquelon,Saint Pierre and Miquelon,,190,Saint Pierre and Miquelon,666,666,2,FALSE,999,,USA,1,Saint Pierre and Miquelon,Northern America,North America and Oceania,Northern America,Northern America,Americas,Americas,Northern America,Northern America,Emerging,Annex_II,Northern America,NAME,mech,Other
188,191,VCT,FALSE,Saint Vincent and the Grenadines,Saint Vincent/Grenadines,,191,Saint Vincent and Grenadines,670,670,3,TRUE,191,,Central America,1,Saint Vincent and the Grenadines,Latin America and the Caribbean,Latin America and Caribbean,LACA,Latin America and the Caribbean,Americas,Americas,Latin America and the Caribbean,Caribbean,Emerging,Annex_II,Caribbean & Centra Am.,LACA,no_mech,Other
257,281,MAF,FALSE,Saint-Martin (French Part),,,999,Global average,NA,NA,3,FALSE,999,,Central America,1,Saint-Martin (French Part),Latin America and the Caribbean,Latin America and Caribbean,LACA,Latin America and the Caribbean,Americas,Americas,Latin America and the Caribbean,Caribbean,Emerging,Annex_II,Caribbean & Centra Am.,LACA,no_mech,Other
239,244,WSM,FALSE,Samoa,Samoa,,244,Samoa,882,882,16,TRUE,244,,Oceania,1,Samoa,Australia and Oceania,North America and Oceania,Oceania,Polynesia,Oceania,Asia and the Pacific,South-Eastern Asia and the Pacific,Pacific Islands,Emerging,Annex_II,Pacific,AUS,no_mech,Other
189,192,SMR,FALSE,San Marino,,,999,Global average,674,674,9,FALSE,999,,OECD Europe,1,San Marino,Western Europe,West Europe,Europe,Southern Europe,Europe,Europe and Central Asia,"Northern, Southern and Western Europe",Southern Europe,Emerging,Annex_II,Southern Europe,Europe,mech,Europe
190,193,STP,FALSE,Sao Tome and Principe,Sao Tome and Principe,,193,Sao Tome and Principe,678,678,6,TRUE,193,,Western Africa,1,Sao Tome and Principe,Subsaharan Africa,Sub-saharan Africa,SSA,Sub-Saharan Africa,Africa,Africa,Sub-Saharan Africa,Central Africa,Emerging,Annex_II,Middle Africa,SAA,no_mech,Other
191,194,SAU,FALSE,Saudi Arabia,Saudi Arabia,Saudi Arabia,194,Saudi Arabia,682,682,12,TRUE,194,,Middle East,1,Saudi Arabia,Northern Africa and Western Asia,North Africa and West Asia,MENA,Western Asia,Asia,Arab States,Arab States,Arab States,Emerging,Annex_II,Western Asia,MENA,no_mech,Other
192,195,SEN,FALSE,Senegal,Senegal,Senegal,195,Senegal,686,686,6,TRUE,195,,Western Africa,1,Senegal,Subsaharan Africa,Sub-saharan Africa,SSA,Sub-Saharan Africa,Africa,Africa,Sub-Saharan Africa,Western Africa,Emerging,Annex_II,Western Africa,SAA,no_mech,Other
252,272,SRB,FALSE,Serbia,Serbia,Serbia,186,Serbia and Montenegro,688,688,9,TRUE,272,,OECD Europe,1,Serbia,Western Europe,West Europe,Europe,Southern Europe,Europe,Europe and Central Asia,"Northern, Southern and Western Europe",Southern Europe,Emerging,Annex_II,Southern Europe,Europe,mech,Europe
183,186,SCG,FALSE,Serbia and Montenegro,Former Serbia and Montenegro,,186,Serbia and Montenegro,891,891,9,TRUE,186,,OECD Europe,1,Serbia and Montenegro,Western Europe,West Europe,Europe,,,,,,,,Southern Europe,Europe,mech,Other
193,196,SYC,FALSE,Seychelles,Seychelles,,196,Seychelles,690,690,7,FALSE,999,,Eastern Africa,1,Seychelles,Subsaharan Africa,Sub-saharan Africa,SSA,Sub-Saharan Africa,Africa,Africa,Sub-Saharan Africa,Eastern Africa,Emerging,Annex_II,Eastern Africa,SAA,no_mech,Other
194,197,SLE,FALSE,Sierra Leone,Sierra Leone,,197,Sierra Leone,694,694,6,TRUE,197,,Western Africa,1,Sierra Leone,Subsaharan Africa,Sub-saharan Africa,SSA,Sub-Saharan Africa,Africa,Africa,Sub-Saharan Africa,Western Africa,Emerging,Annex_II,Western Africa,SAA,no_mech,Other
197,200,SGP,FALSE,Singapore,Singapore,Singapore,200,Singapore,702,702,15,TRUE,200,,South East Asia,1,Singapore,Southeastern Asia,South and Central Asia,S&E Asia,South-eastern Asia,Asia,Asia and the Pacific,South-Eastern Asia and the Pacific,South-Eastern Asia,Emerging,Annex_II,South-eastern Asia,SE-Asia,no_mech,Other
196,199,SVK,TRUE,Slovakia,Slovakia,Slovak Republic,199,Slovakia,703,703,10,TRUE,199,SK,Eastern Europe,1,Slovakia,Eastern and South Eastern Europe,East Europe,Europe,Eastern Europe,Europe,Europe and Central Asia,Eastern Europe,Eastern Europe,Advanced,Annex_I,Eastern Europe,Europe,mech,Europe
195,198,SVN,TRUE,Slovenia,Slovenia,Slovenia,198,Slovenia,705,705,10,TRUE,198,SI,Eastern Europe,1,Slovenia,Eastern and South Eastern Europe,East Europe,Europe,Southern Europe,Europe,Europe and Central Asia,"Northern, Southern and Western Europe",Southern Europe,Emerging,Annex_II,Southern Europe,Europe,mech,Europe
25,25,SLB,FALSE,Solomon Islands,Solomon Islands,,25,Solomon Islands,90,90,16,TRUE,25,,Oceania,1,Solomon Islands,Australia and Oceania,North America and Oceania,Oceania,Melanesia,Oceania,Asia and the Pacific,South-Eastern Asia and the Pacific,Pacific Islands,Emerging,Annex_II,Pacific,AUS,no_mech,Other
198,201,SOM,FALSE,Somalia,Somalia,,201,Somalia,706,706,7,TRUE,201,,Eastern Africa,1,Somalia,Subsaharan Africa,Sub-saharan Africa,SSA,Sub-Saharan Africa,Africa,Africa,Sub-Saharan Africa,Eastern Africa,Emerging,Annex_II,Eastern Africa,SAA,no_mech,Other
199,202,ZAF,FALSE,South Africa,South Africa,South Africa,202,South Africa,711,710,8,TRUE,202,,Southern Africa,1,South Africa,Subsaharan Africa,Sub-saharan Africa,SSA,Sub-Saharan Africa,Africa,Africa,Sub-Saharan Africa,Southern Africa,Emerging,Annex_II,Southern Africa,SAA,mech,Other
251,271,SGS,FALSE,South Georgia and the South Sandwich Islands,,,999,Global average,NA,239,4,FALSE,999,,South America,1,South Georgia and the South Sandwich Islands,Latin America and the Caribbean,Latin America and Caribbean,LACA,Latin America and the Caribbean,Americas,,,,,,Andean & Mexico,LACA,no_mech,Other
114,117,KOR,FALSE,South Korea,"Korea, South",Korea,117,"Korea, Republic of",410,410,14,TRUE,117,,East Asia,1,Republic of Korea,Eastern Asia,East Asia,S&E Asia,Eastern Asia,Asia,Asia and the Pacific,Eastern Asia,Eastern Asia,Advanced,Annex_II,Eastern Asia,SE-Asia,no_mech,Other
255,277,SSD,FALSE,South Sudan,,South Sudan,206,Sudan,728,728,7,TRUE,206,,Eastern Africa,1,South Sudan,Subsaharan Africa,Sub-saharan Africa,SSA,Sub-Saharan Africa,Africa,Africa,Sub-Saharan Africa,Eastern Africa,Emerging,Annex_II,Eastern Africa,SAA,no_mech,Other
200,203,ESP,TRUE,Spain,Spain,Spain,203,Spain,724,724,9,TRUE,203,ES,OECD Europe,1,Spain,Western Europe,West Europe,Europe,Southern Europe,Europe,Europe and Central Asia,"Northern, Southern and Western Europe",Southern Europe,Advanced,Annex_I,Southern Europe,Europe,mech,Europe
38,38,LKA,FALSE,Sri Lanka,Sri Lanka,Sri Lanka,38,Sri Lanka,144,144,13,TRUE,38,,South Asia,1,Sri Lanka,Southern Asia,South and Central Asia,Southern Asia,Southern Asia,Asia,Asia and the Pacific,Southern Asia,Southern Asia,Emerging,Annex_II,Southern Asia,SE-Asia,no_mech,Other
254,276,SDN,FALSE,Sudan,,,206,Sudan,729,729,7,TRUE,206,,Eastern Africa,0,Sudan,Subsaharan Africa,Sub-saharan Africa,SSA,Northern Africa,Africa,Africa,Northern Africa,Northern Africa,Emerging,Annex_II,Northern Africa,MENA,no_mech,Other
202,206,SDN,FALSE,Sudan (former),Sudan and South Sudan,Sudan,206,Sudan,736,736,7,TRUE,206,,Eastern Africa,1,Sudan (former),Subsaharan Africa,Sub-saharan Africa,SSA,Northern Africa,Africa,Africa,Northern Africa,Northern Africa,Emerging,Annex_II,Northern Africa,MENA,no_mech,Other
203,207,SUR,FALSE,Suriname,Suriname,Suriname,207,Suriname,740,740,4,TRUE,207,,South America,1,Suriname,Latin America and the Caribbean,Latin America and Caribbean,LACA,Latin America and the Caribbean,Americas,Americas,Latin America and the Caribbean,South America,Emerging,Annex_II,Andean & Mexico,LACA,no_mech,Other
249,260,SJM,FALSE,Svalbard and Jan Mayen Islands,,,999,Global average,NA,744,9,FALSE,999,,OECD Europe,1,Svalbard and Jan Mayen Islands,Western Europe,West Europe,Europe,Northern Europe,Europe,,,,,,Northern Europe,Europe,mech,Europe
206,210,SWE,TRUE,Sweden,Sweden,Sweden,210,Sweden,752,752,9,TRUE,210,SE,OECD Europe,1,Sweden,Western Europe,West Europe,Europe,Northern Europe,Europe,Europe and Central Asia,"Northern, Southern and Western Europe",Northern Europe,Advanced,Annex_I,Northern Europe,Europe,mech,Europe
207,211,CHE,FALSE,Switzerland,Switzerland,Switzerland,211,Switzerland,757,756,9,TRUE,211,,OECD Europe,1,Switzerland,Western Europe,West Europe,Europe,Western Europe,Europe,Europe and Central Asia,"Northern, Southern and Western Europe",Western Europe,Advanced,Annex_I,Western Europe,Europe,mech,Europe
208,212,SYR,FALSE,Syrian Arab Republic,Syria,Syrian Arab Republic,212,Syrian Arab Republic,760,760,12,TRUE,999,,Middle East,1,Syrian Arab Republic,Northern Africa and Western Asia,North Africa and West Asia,MENA,Western Asia,Asia,Arab States,Arab States,Arab States,Emerging,Annex_II,Western Asia,MENA,no_mech,Other
204,208,TJK,FALSE,Tajikistan,Tajikistan,Tajikistan,208,Tajikistan,762,762,11,TRUE,208,,Former USSR,1,Tajikistan,Central Asia and Russian Federation,South and Central Asia,CAS & Russia,Central Asia,Asia,Europe and Central Asia,Central and Western Asia,Central Asia,Emerging,Annex_II,FSU,FSU,mech,Other
211,215,TZA,FALSE,Tanzania,Tanzania,United Republic of Tanzania,215,"Tanzania, United Republic of",834,834,8,TRUE,215,,Southern Africa,1,United Republic of Tanzania,Subsaharan Africa,Sub-saharan Africa,SSA,Sub-Saharan Africa,Africa,Africa,Sub-Saharan Africa,Eastern Africa,Emerging,Annex_II,Eastern Africa,SAA,no_mech,Other
212,216,THA,FALSE,Thailand,Thailand,Thailand,216,Thailand,764,764,15,TRUE,216,,South East Asia,1,Thailand,Southeastern Asia,South and Central Asia,S&E Asia,South-eastern Asia,Asia,Asia and the Pacific,South-Eastern Asia and the Pacific,South-Eastern Asia,Emerging,Annex_II,South-eastern Asia,SE-Asia,no_mech,Other
173,176,TLS,FALSE,Timor-Leste,Timor-Leste (East Timor),,176,Timor-Leste,626,626,15,TRUE,176,,South East Asia,1,Timor-Leste,Southeastern Asia,South and Central Asia,S&E Asia,South-eastern Asia,Asia,Asia and the Pacific,South-Eastern Asia and the Pacific,South-Eastern Asia,Emerging,Annex_II,South-eastern Asia,SE-Asia,no_mech,Other
213,217,TGO,FALSE,Togo,Togo,Togo,217,Togo,768,768,6,TRUE,217,,Western Africa,1,Togo,Subsaharan Africa,Sub-saharan Africa,SSA,Sub-Saharan Africa,Africa,Africa,Sub-Saharan Africa,Western Africa,Emerging,Annex_II,Western Africa,SAA,no_mech,Other
214,218,TKL,FALSE,Tokelau,,,218,Tokelau,772,772,16,FALSE,999,,Oceania,1,Tokelau,Australia and Oceania,North America and Oceania,Oceania,Polynesia,Oceania,Asia and the Pacific,South-Eastern Asia and the Pacific,Pacific Islands,Emerging,Annex_II,Pacific,AUS,no_mech,Other
215,219,TON,FALSE,Tonga,Tonga,,219,Tonga,776,776,16,FALSE,999,,Oceania,1,Tonga,Australia and Oceania,North America and Oceania,Oceania,Polynesia,Oceania,Asia and the Pacific,South-Eastern Asia and the Pacific,Pacific Islands,Emerging,Annex_II,Pacific,AUS,no_mech,Other
216,220,TTO,FALSE,Trinidad and Tobago,Trinidad and Tobago,Trinidad and Tobago,220,Trinidad and Tobago,780,780,3,TRUE,220,,Central America,1,Trinidad and Tobago,Latin America and the Caribbean,Latin America and Caribbean,LACA,Latin America and the Caribbean,Americas,Americas,Latin America and the Caribbean,Caribbean,Emerging,Annex_II,Caribbean & Centra Am.,LACA,no_mech,Other
218,222,TUN,FALSE,Tunisia,Tunisia,Tunisia,222,Tunisia,788,788,5,TRUE,222,,Northern Africa,1,Tunisia,Northern Africa and Western Asia,North Africa and West Asia,MENA,Northern Africa,Africa,Africa,Northern Africa,Northern Africa,Emerging,Annex_II,Northern Africa,MENA,no_mech,Other
219,223,TUR,FALSE,Turkey,Turkey,Turkey,223,Turkey,792,792,12,TRUE,223,,Middle East,1,Turkey,Northern Africa and Western Asia,North Africa and West Asia,MENA,Western Asia,Asia,Europe and Central Asia,Central and Western Asia,Western Asia,Advanced,Annex_I,Western Asia,MENA,no_mech,Other
209,213,TKM,FALSE,Turkmenistan,Turkmenistan,Turkmenistan,213,Turkmenistan,795,795,11,TRUE,213,,Former USSR,1,Turkmenistan,Central Asia and Russian Federation,South and Central Asia,CAS & Russia,Central Asia,Asia,Europe and Central Asia,Central and Western Asia,Central Asia,Emerging,Annex_II,FSU,FSU,mech,Other
220,224,TCA,FALSE,Turks and Caicos Islands,Turks and Caicos Islands,,999,Global average,796,796,3,FALSE,999,,Central America,1,Turks and Caicos Islands,Latin America and the Caribbean,Latin America and Caribbean,LACA,Latin America and the Caribbean,Americas,Americas,Latin America and the Caribbean,Caribbean,Emerging,Annex_II,Caribbean & Centra Am.,LACA,no_mech,Other
223,227,TUV,FALSE,Tuvalu,,,227,Tuvalu,798,798,16,FALSE,999,,Oceania,1,Tuvalu,Australia and Oceania,North America and Oceania,Oceania,Polynesia,Oceania,Asia and the Pacific,South-Eastern Asia and the Pacific,Pacific Islands,Emerging,Annex_II,Pacific,AUS,no_mech,Other
222,226,UGA,FALSE,Uganda,Uganda,,226,Uganda,800,800,7,TRUE,226,,Eastern Africa,1,Uganda,Subsaharan Africa,Sub-saharan Africa,SSA,Sub-Saharan Africa,Africa,Africa,Sub-Saharan Africa,Eastern Africa,Emerging,Annex_II,Eastern Africa,SAA,no_mech,Other
226,230,UKR,FALSE,Ukraine,Ukraine,Ukraine,230,Ukraine,804,804,11,TRUE,230,,Former USSR,1,Ukraine,Eastern and South Eastern Europe,East Europe,Europe,Eastern Europe,Europe,Europe and Central Asia,Eastern Europe,Eastern Europe,Emerging,Annex_I,FSU,FSU,mech,Europe
221,225,ARE,FALSE,United Arab Emirates,United Arab Emirates,United Arab Emirates,225,United Arab Emirates,784,784,12,TRUE,225,,Middle East,1,United Arab Emirates,Northern Africa and Western Asia,North Africa and West Asia,MENA,Western Asia,Asia,Arab States,Arab States,Arab States,Emerging,Annex_II,Western Asia,MENA,no_mech,Other
225,229,GBR,FALSE,United Kingdom,United Kingdom,United Kingdom,229,United Kingdom,826,826,9,TRUE,229,GB,OECD Europe,1,United Kingdom,Western Europe,West Europe,Europe,Northern Europe,Europe,Europe and Central Asia,"Northern, Southern and Western Europe",Northern Europe,Advanced,Annex_I,Northern Europe,Europe,mech,Europe
227,231,USA,FALSE,United States of America,United States,United States,231,United States of America,842,840,2,TRUE,231,,USA,1,United States of America,Northern America,North America and Oceania,Northern America,Northern America,Americas,Americas,Northern America,Northern America,Advanced,Annex_I,Northern America,NAME,mech,Other
236,240,VIR,FALSE,United States Virgin Islands,"Virgin Islands,  U.S.",,999,Global average,NA,850,3,FALSE,999,,Central America,1,United States Virgin Islands,Latin America and the Caribbean,Latin America and Caribbean,LACA,Latin America and the Caribbean,Americas,Americas,Latin America and the Caribbean,Caribbean,Emerging,Annex_II,Caribbean & Centra Am.,LACA,no_mech,Other
244,252,UXY,FALSE,Unspecified,,,999,Global average,NA,896,NA,FALSE,999,,,1,Unspecified,Northern Africa and Western Asia,North Africa and West Asia,MENA,,,,,,,,,,,Other
230,234,URY,FALSE,Uruguay,Uruguay,Uruguay,234,Uruguay,858,858,4,TRUE,234,,South America,1,Uruguay,Latin America and the Caribbean,Latin America and Caribbean,LACA,Latin America and the Caribbean,Americas,Americas,Latin America and the Caribbean,South America,Emerging,Annex_II,South America - South Cone,LACA,mech,Other
228,232,UMI,FALSE,US Minor Is.,,,999,Global average,NA,581,2,FALSE,999,,USA,1,US Minor Is.,Northern America,North America and Oceania,Northern America,Micronesia,Oceania,Asia and the Pacific,South-Eastern Asia and the Pacific,Pacific Islands,Emerging,Annex_II,Pacific,AUS,mech,Other
224,228,SUN,FALSE,USSR,Former U.S.S.R.,,185,Russian Federation,810,810,11,TRUE,228,,Former USSR,1,FSU,Central Asia and Russian Federation,South and Central Asia,CAS & Russia,,,,,,,,FSU,FSU,,Other
231,235,UZB,FALSE,Uzbekistan,Uzbekistan,Uzbekistan,235,Uzbekistan,860,860,11,TRUE,235,,Former USSR,1,Uzbekistan,Central Asia and Russian Federation,South and Central Asia,CAS & Russia,Central Asia,Asia,Europe and Central Asia,Central and Western Asia,Central Asia,Emerging,Annex_II,FSU,FSU,mech,Other
152,155,VUT,FALSE,Vanuatu,Vanuatu,,155,Vanuatu,548,548,16,TRUE,155,,Oceania,1,Vanuatu,Australia and Oceania,North America and Oceania,Oceania,Melanesia,Oceania,Asia and the Pacific,South-Eastern Asia and the Pacific,Pacific Islands,Emerging,Annex_II,Pacific,AUS,no_mech,Other
232,236,VEN,FALSE,Venezuela,Venezuela,Venezuela,236,"Venezuela, Bolivarian Republic of",862,862,4,TRUE,236,,South America,1,Venezuela (Bolivarian Republic of),Latin America and the Caribbean,Latin America and Caribbean,LACA,Latin America and the Caribbean,Americas,Americas,Latin America and the Caribbean,South America,Emerging,Annex_II,Andean & Mexico,LACA,no_mech,Other
233,237,VNM,FALSE,Viet Nam,Vietnam,Viet Nam,237,Viet Nam,704,704,15,TRUE,237,,South East Asia,1,Viet Nam,Southeastern Asia,South and Central Asia,S&E Asia,South-eastern Asia,Asia,Asia and the Pacific,South-Eastern Asia and the Pacific,South-Eastern Asia,Emerging,Annex_II,South-eastern Asia,SE-Asia,no_mech,Other
237,242,WAK,FALSE,Wake Island,Wake Island,,999,Global average,NA,872,16,FALSE,999,,Oceania,1,Wake Island,Australia and Oceania,North America and Oceania,Oceania,,,,,,,,Pacific,AUS,no_mech,Other
238,243,WLF,FALSE,Wallis and Futuna Islands,,,243,Wallis and Futuna Islands,876,876,16,FALSE,999,,Oceania,1,Wallis and Futuna Islands,Australia and Oceania,North America and Oceania,Oceania,Polynesia,Oceania,Asia and the Pacific,South-Eastern Asia and the Pacific,Pacific Islands,Emerging,Annex_II,Pacific,AUS,mech,Other
201,205,ESH,FALSE,Western Sahara,Western Sahara,,205,Western Sahara,NA,732,5,FALSE,999,,Northern Africa,1,Western Sahara,Northern Africa and Western Asia,North Africa and West Asia,MENA,Northern Africa,Africa,Africa,Northern Africa,Northern Africa,,,Northern Africa,MENA,no_mech,Other
241,249,YEM,FALSE,Yemen,Yemen,Yemen,249,Yemen,887,887,12,TRUE,249,,Middle East,1,Yemen,Northern Africa and Western Asia,North Africa and West Asia,MENA,Western Asia,Asia,Arab States,Arab States,Arab States,Emerging,Annex_II,Western Asia,MENA,no_mech,Other
240,248,YUG,FALSE,Yugoslav SFR,Former Yugoslavia,,186,Serbia and Montenegro,891,890,10,TRUE,248,,Eastern Europe,1,Yugoslav SFR,Eastern and South Eastern Europe,East Europe,Europe,,,,,,,,Southern Europe,Europe,,Other
243,251,ZMB,FALSE,Zambia,Zambia,Zambia,251,Zambia,894,894,8,TRUE,251,,Southern Africa,1,Zambia,Subsaharan Africa,Sub-saharan Africa,SSA,Sub-Saharan Africa,Africa,Africa,Sub-Saharan Africa,Eastern Africa,Emerging,Annex_II,Eastern Africa,SAA,no_mech,Other
178,181,ZWE,FALSE,Zimbabwe,Zimbabwe,Zimbabwe,181,Zimbabwe,716,716,8,TRUE,181,,Southern Africa,1,Zimbabwe,Subsaharan Africa,Sub-saharan Africa,SSA,Sub-Saharan Africa,Africa,Africa,Sub-Saharan Africa,Eastern Africa,Emerging,Annex_II,Eastern Africa,SAA,no_mech,Other
