polity_code,polity_name,V1,code,iso3c,FAOSTAT_name,EU27,name,eia,iea,water_code,water_area,baci,fish,region_code,cbs,fabio_code,ADB_Region,region,uISO3c,Lassaletta,region_krausmann,region_HANPP,region_krausmann2,region_UN_sub,region_UN,region_ILO1,region_ILO2,region_ILO3,region_IEA,region_IPCC,region_labour,region_labour_agg,region_labour_mech,region_test
,,30,30,ATA,#N/A,FALSE,Antarctica,Antarctica,,999,Global average,,10,19,FALSE,999,,#N/A,1,Antarctica,Northern Africa and Western Asia,North Africa and West Asia,MENA,,,,,,,,,,,
,,259,351,,China,FALSE,China,,,351,China,156,156,14,FALSE,,,East Asia,1,China,Eastern Asia,East Asia,S&E Asia,,,,,,,,,,,
,,149,152,NTZ,#N/A,FALSE,Neutral Zone,,,999,Global average,,536,12,FALSE,999,,Middle East,1,Neutral Zone,Northern Africa and Western Asia,North Africa and West Asia,MENA,,,,,,,,,,,Other
,,245,254,OXY,#N/A,FALSE,Others (adjustment),,,999,Global average,,,,FALSE,999,,#N/A,1,Others (adjustment),Northern Africa and Western Asia,North Africa and West Asia,MENA,,,,,,,,,,,
,,260,999,ROW,#N/A,FALSE,RoW,,,999,Global average,,,,TRUE,999,,#N/A,1,RoW,Northern Africa and Western Asia,North Africa and West Asia,RoW,RoW,RoW,RoW,RoW,RoW,RoW,RoW,RoW,RoW,RoW,Other
,,244,252,UXY,#N/A,FALSE,Unspecified,,,999,Global average,,896,,FALSE,999,,,1,Unspecified,Northern Africa and Western Asia,North Africa and West Asia,MENA,,,,,,,,,,,Other
AFG,Afghanistan,2,2,AFG,Afghanistan,FALSE,Afghanistan,Afghanistan,,2,Afghanistan,4,4,13,TRUE,2,,South Asia,1,Afghanistan,Southern Asia,South and Central Asia,Southern Asia,Southern Asia,Asia,Asia and the Pacific,Southern Asia,Southern Asia,Emerging,Annex_II,Southern Asia,SE-Asia,no_mech,Other
COM,Comoros,45,45,COM,Comoros,FALSE,Comoros,Comoros,,45,Comoros,174,174,7,TRUE,45,,Eastern Africa,1,Comoros,Subsaharan Africa,Sub-saharan Africa,SSA,Sub-Saharan Africa,Africa,Africa,Sub-Saharan Africa,Eastern Africa,Emerging,Annex_II,Eastern Africa,SAA,no_mech,Other
RAFR,Africa Other,250,270,MYT,#N/A,FALSE,Mayotte,,,999,Global average,175,175,7,FALSE,999,,Eastern Africa,1,Mayotte,Subsaharan Africa,Sub-saharan Africa,SSA,Sub-Saharan Africa,Africa,Africa,Sub-Saharan Africa,Eastern Africa,Emerging,Annex_II,Eastern Africa,SAA,no_mech,Other
RAFR,Africa Other,179,182,REU,Réunion,FALSE,Reunion,Reunion,,182,Reunion,,638,7,FALSE,999,,Eastern Africa,1,Reunion,Subsaharan Africa,Sub-saharan Africa,SSA,Sub-Saharan Africa,Africa,Africa,Sub-Saharan Africa,Eastern Africa,Emerging,Annex_II,Eastern Africa,SAA,no_mech,Other
RAFR,Africa Other,184,187,SHN,#N/A,FALSE,"Saint Helena, Ascension and Tristan da Cunha",Saint Helena,,999,Global average,654,654,6,FALSE,999,,Western Africa,1,"Saint Helena, Ascension and Tristan da Cunha",Subsaharan Africa,Sub-saharan Africa,SSA,Sub-Saharan Africa,Africa,Africa,Sub-Saharan Africa,Western Africa,Emerging,Annex_II,Western Africa,SAA,no_mech,Other
SYC,Seychelles,193,196,SYC,Seychelles,FALSE,Seychelles,Seychelles,,196,Seychelles,690,690,7,TRUE,196,,Eastern Africa,1,Seychelles,Subsaharan Africa,Sub-saharan Africa,SSA,Sub-Saharan Africa,Africa,Africa,Sub-Saharan Africa,Eastern Africa,Emerging,Annex_II,Eastern Africa,SAA,no_mech,Other
RAFR,Africa Other,201,205,ESH,#N/A,FALSE,Western Sahara,Western Sahara,,205,Western Sahara,,732,5,FALSE,999,,Northern Africa,1,Western Sahara,Northern Africa and Western Asia,North Africa and West Asia,MENA,Northern Africa,Africa,Africa,Northern Africa,Northern Africa,,,Northern Africa,MENA,no_mech,Other
RAFR,Africa Other,,,,,,,,,,,,,,,,,,,,,,,,,,,,,,,,,
ALB,Albania,3,3,ALB,Albania,FALSE,Albania,Albania,Albania,3,Albania,8,8,10,TRUE,3,,Eastern Europe,1,Albania,Eastern and South Eastern Europe,East Europe,Europe,Southern Europe,Europe,Europe and Central Asia,"Northern, Southern and Western Europe",Southern Europe,Emerging,Annex_II,Southern Europe,Europe,mech,Europe
DZA,Algeria,4,4,DZA,Algeria,FALSE,Algeria,Algeria,Algeria,4,Algeria,12,12,5,TRUE,4,,Northern Africa,1,Algeria,Northern Africa and Western Asia,North Africa and West Asia,MENA,Northern Africa,Africa,Africa,Northern Africa,Northern Africa,Emerging,Annex_II,Northern Africa,MENA,no_mech,Other
AGO,Angola,7,7,AGO,Angola,FALSE,Angola,Angola,Angola,7,Angola,24,24,8,TRUE,7,,Southern Africa,1,Angola,Subsaharan Africa,Sub-saharan Africa,SSA,Sub-Saharan Africa,Africa,Africa,Sub-Saharan Africa,Central Africa,Emerging,Annex_II,Middle Africa,SAA,Middle Africa,Other
ATG,Antigua and Barbuda,8,8,ATG,Antigua and Barbuda,FALSE,Antigua and Barbuda,Antigua and Barbuda,,8,Antigua and Barbuda,28,28,3,TRUE,8,,Central America,1,Antigua and Barbuda,Latin America and the Caribbean,Latin America and Caribbean,LACA,Latin America and the Caribbean,Americas,Americas,Latin America and the Caribbean,Caribbean,Emerging,Annex_II,Caribbean & Centra Am.,LACA,no_mech,Other
ARG,Argentina,9,9,ARG,Argentina,FALSE,Argentina,Argentina,Argentina,9,Argentina,32,32,4,TRUE,9,,South America,1,Argentina,Latin America and the Caribbean,Latin America and Caribbean,LACA,Latin America and the Caribbean,Americas,Americas,Latin America and the Caribbean,South America,Emerging,Annex_II,South America - South Cone,LACA,mech,Other
ARM,Armenia,1,1,ARM,Armenia,FALSE,Armenia,Armenia,Armenia,1,Armenia,51,51,11,TRUE,1,,Former USSR,1,Armenia,Central Asia and Russian Federation,South and Central Asia,CAS & Russia,Western Asia,Asia,Europe and Central Asia,Central and Western Asia,Western Asia,Emerging,Annex_II,FSU,FSU,no_mech,Other
BTN,Bhutan,18,18,BTN,Bhutan,FALSE,Bhutan,Bhutan,,18,Bhutan,64,64,13,TRUE,18,,South Asia,1,Bhutan,Southern Asia,South and Central Asia,Southern Asia,Southern Asia,Asia,Asia and the Pacific,Southern Asia,Southern Asia,Emerging,Annex_II,Southern Asia,SE-Asia,no_mech,Other
RASI,Asia Other,24,24,IOT,#N/A,FALSE,British Indian Ocean Territory,,,999,Global average,86,86,13,FALSE,999,,South Asia,1,British Indian Ocean Territory,Southern Asia,South and Central Asia,Southern Asia,Sub-Saharan Africa,Asia,Asia and the Pacific,Southern Asia,Southern Asia,Emerging,Annex_II,Southern Asia,SE-Asia,no_mech,Other
RASI,Asia Other,161,164,PCI,#N/A,FALSE,Pacific Islands Trust Territory,,,999,Global average,,582,15,FALSE,999,,South East Asia,1,Pacific Islands Trust Territory,Southeastern Asia,South and Central Asia,S&E Asia,Australia and New Zealand,Asia,Asia and the Pacific,South-Eastern Asia and the Pacific,Pacific Islands,Emerging,Annex_II,Pacific,AUS,mech,Other
RASI,Asia Other,,,,,,,,,,,,,,,,,,,,,,,,,,,,,,,,,
AUS,Australia,10,10,AUS,Australia,FALSE,Australia,Australia,Australia,10,Australia,36,36,16,TRUE,10,,Oceania,1,Australia,Australia and Oceania,North America and Oceania,Oceania,Australia and New Zealand,Oceania,Asia and the Pacific,South-Eastern Asia and the Pacific,Pacific Islands,Advanced,Annex_I,Pacific,AUS,mech,Other
AUT,Austria,11,11,AUT,Austria,TRUE,Austria,Austria,Austria,11,Austria,40,40,9,TRUE,11,,OECD Europe,1,Austria,Western Europe,West Europe,Europe,Western Europe,Europe,Europe and Central Asia,"Northern, Southern and Western Europe",Western Europe,Advanced,Annex_I,Western Europe,Europe,mech,Europe
AZE,Azerbaijan,52,52,AZE,Azerbaijan,FALSE,Azerbaijan,Azerbaijan,Azerbaijan,52,Azerbaijan,31,31,11,TRUE,52,,Former USSR,1,Azerbaijan,Central Asia and Russian Federation,South and Central Asia,CAS & Russia,Western Asia,Asia,Europe and Central Asia,Central and Western Asia,Western Asia,Emerging,Annex_II,FSU,FSU,no_mech,Other
BHS,Bahamas,12,12,BHS,Bahamas,FALSE,Bahamas,"Bahamas, The",,12,Bahamas,44,44,3,TRUE,12,,Central America,1,Bahamas,Latin America and the Caribbean,Latin America and Caribbean,LACA,Latin America and the Caribbean,Americas,Americas,Latin America and the Caribbean,Caribbean,Emerging,Annex_II,Caribbean & Centra Am.,LACA,no_mech,Other
BHR,Bahrain,13,13,BHR,Bahrain,FALSE,Bahrain,Bahrain,Bahrain,13,Bahrain,48,48,12,TRUE,13,,Middle East,1,Bahrain,Northern Africa and Western Asia,North Africa and West Asia,MENA,Western Asia,Asia,Arab States,Arab States,Arab States,Emerging,Annex_II,Western Asia,MENA,no_mech,Other
BGD,Bangladesh,16,16,BGD,Bangladesh,FALSE,Bangladesh,Bangladesh,Bangladesh,16,Bangladesh,50,50,13,TRUE,16,,South Asia,1,Bangladesh,Southern Asia,South and Central Asia,Southern Asia,Southern Asia,Asia,Asia and the Pacific,Southern Asia,Southern Asia,Emerging,Annex_II,Southern Asia,SE-Asia,no_mech,Other
BRB,Barbados,14,14,BRB,Barbados,FALSE,Barbados,Barbados,,14,Barbados,52,52,3,TRUE,14,,Central America,1,Barbados,Latin America and the Caribbean,Latin America and Caribbean,LACA,Latin America and the Caribbean,Americas,Americas,Latin America and the Caribbean,Caribbean,Emerging,Annex_II,Caribbean & Centra Am.,LACA,no_mech,Other
BLR,Belarus,57,57,BLR,Belarus,FALSE,Belarus,Belarus,Belarus,57,Belarus,112,112,11,TRUE,57,,Former USSR,1,Belarus,Central Asia and Russian Federation,South and Central Asia,CAS & Russia,Eastern Europe,Europe,Europe and Central Asia,Eastern Europe,Eastern Europe,Emerging,Annex_I,FSU,FSU,mech,Europe
BEL,Belgium,246,255,BEL,Belgium,TRUE,Belgium,Belgium,Belgium,255,Belgium,56,56,9,TRUE,255,BE,OECD Europe,1,Belgium,Western Europe,West Europe,Europe,Western Europe,Europe,Europe and Central Asia,"Northern, Southern and Western Europe",Western Europe,Advanced,Annex_I,Western Europe,Europe,mech,Europe
BLX,Belgium-Luxembourg,15,15,BLX,Belgium-Luxembourg,TRUE,Belgium-Luxembourg,,,255,Belgium,58,58,9,TRUE,15,BE_LU,OECD Europe,1,Belgium-Luxemburg,Western Europe,West Europe,Europe,Western Europe,Europe,Europe and Central Asia,"Northern, Southern and Western Europe",Western Europe,Advanced,Annex_I,Western Europe,Europe,mech,Europe
BLZ,Belize,23,23,BLZ,Belize,FALSE,Belize,Belize,,23,Belize,84,84,3,TRUE,23,,Central America,1,Belize,Latin America and the Caribbean,Latin America and Caribbean,LACA,Latin America and the Caribbean,Americas,Americas,Latin America and the Caribbean,Central America,Emerging,Annex_II,Caribbean & Centra Am.,LACA,no_mech,Other
BEN,Benin,53,53,BEN,Benin,FALSE,Benin,Benin,Benin,53,Benin,204,204,6,TRUE,53,,Western Africa,1,Benin,Subsaharan Africa,Sub-saharan Africa,SSA,Sub-Saharan Africa,Africa,Africa,Sub-Saharan Africa,Western Africa,Emerging,Annex_II,Western Africa,SAA,no_mech,Other
BOL,Bolivia,19,19,BOL,Bolivia (Plurinational State of),FALSE,Bolivia,Bolivia,Bolivia,19,Bolivia,68,68,4,TRUE,19,,South America,1,Bolivia (Plurinational State of),Latin America and the Caribbean,Latin America and Caribbean,LACA,Latin America and the Caribbean,Americas,Americas,Latin America and the Caribbean,South America,Emerging,Annex_II,Andean & Mexico,LACA,no_mech,Other
BIH,Bosnia and Herzegovina,77,80,BIH,Bosnia and Herzegovina,FALSE,Bosnia and Herzegovina,Bosnia and Herzegovina,Bosnia and Herzegovina,80,Bosnia and Herzegovina,70,70,10,TRUE,80,,Eastern Europe,1,Bosnia and Herzegovina,Eastern and South Eastern Europe,East Europe,Europe,Southern Europe,Europe,Europe and Central Asia,"Northern, Southern and Western Europe",Southern Europe,Emerging,Annex_II,Southern Europe,Europe,mech,Europe
BWA,Botswana,20,20,BWA,Botswana,FALSE,Botswana,Botswana,Botswana,20,Botswana,72,72,8,TRUE,20,,Southern Africa,1,Botswana,Subsaharan Africa,Sub-saharan Africa,SSA,Sub-Saharan Africa,Africa,Africa,Sub-Saharan Africa,Southern Africa,Emerging,Annex_II,Southern Africa,SAA,mech,Other
BRA,Brazil,21,21,BRA,Brazil,FALSE,Brazil,Brazil,Brazil,21,Brazil,76,76,4,TRUE,21,,South America,1,Brazil,Latin America and the Caribbean,Latin America and Caribbean,LACA,Latin America and the Caribbean,Americas,Americas,Latin America and the Caribbean,South America,Emerging,Annex_II,South America - South Cone,LACA,mech,Other
BRN,Brunei Darussalam,26,26,BRN,Brunei Darussalam,FALSE,Brunei Darussalam,Brunei,Brunei Darussalam,26,Brunei Darussalam,96,96,15,TRUE,26,,South East Asia,1,Brunei Darussalam,Southeastern Asia,South and Central Asia,S&E Asia,South-eastern Asia,Asia,Asia and the Pacific,South-Eastern Asia and the Pacific,South-Eastern Asia,Emerging,Annex_II,South-eastern Asia,SE-Asia,no_mech,Other
BGR,Bulgaria,27,27,BGR,Bulgaria,TRUE,Bulgaria,Bulgaria,Bulgaria,27,Bulgaria,100,100,10,TRUE,27,BG,Eastern Europe,1,Bulgaria,Eastern and South Eastern Europe,East Europe,Europe,Eastern Europe,Europe,Europe and Central Asia,Eastern Europe,Eastern Europe,Emerging,Annex_I,Eastern Europe,Europe,mech,Europe
BFA,Burkina Faso,229,233,BFA,Burkina Faso,FALSE,Burkina Faso,Burkina Faso,,233,Burkina Faso,854,854,6,TRUE,233,,Western Africa,1,Burkina Faso,Subsaharan Africa,Sub-saharan Africa,SSA,Sub-Saharan Africa,Africa,Africa,Sub-Saharan Africa,Western Africa,Emerging,Annex_II,Western Africa,SAA,no_mech,Other
BDI,Burundi,29,29,BDI,Burundi,FALSE,Burundi,Burundi,,29,Burundi,108,108,7,TRUE,29,,Eastern Africa,1,Burundi,Subsaharan Africa,Sub-saharan Africa,SSA,Sub-Saharan Africa,Africa,Africa,Sub-Saharan Africa,Eastern Africa,Emerging,Annex_II,Eastern Africa,SAA,no_mech,Other
CPV,Cabo Verde,35,35,CPV,Cabo Verde,FALSE,Cabo Verde,Cape Verde,,35,Cape Verde,132,132,6,TRUE,35,,Western Africa,1,Cape Verde,Subsaharan Africa,Sub-saharan Africa,SSA,Sub-Saharan Africa,Africa,Africa,Sub-Saharan Africa,Western Africa,Emerging,Annex_II,Western Africa,SAA,no_mech,Other
KHM,Cambodia,112,115,KHM,Cambodia,FALSE,Cambodia,Cambodia,Cambodia,115,Cambodia,116,116,15,TRUE,115,,South East Asia,1,Cambodia,Southeastern Asia,South and Central Asia,S&E Asia,South-eastern Asia,Asia,Asia and the Pacific,South-Eastern Asia and the Pacific,South-Eastern Asia,Emerging,Annex_II,South-eastern Asia,SE-Asia,no_mech,Other
CMR,Cameroon,32,32,CMR,Cameroon,FALSE,Cameroon,Cameroon,Cameroon,32,Cameroon,120,120,6,TRUE,32,,Western Africa,1,Cameroon,Subsaharan Africa,Sub-saharan Africa,SSA,Sub-Saharan Africa,Africa,Africa,Sub-Saharan Africa,Central Africa,Emerging,Annex_II,Middle Africa,SAA,no_mech,Other
CAN,Canada,33,33,CAN,Canada,FALSE,Canada,Canada,Canada,33,Canada,124,124,1,TRUE,33,,Canada,1,Canada,Northern America,North America and Oceania,Northern America,Northern America,Americas,Americas,Northern America,Northern America,Advanced,Annex_I,Northern America,NAME,mech,Other
CAF,Central African Republic,37,37,CAF,Central African Republic,FALSE,Central African Republic,Central African Republic,,37,Central African Republic,140,140,6,TRUE,37,,Western Africa,1,Central African Republic,Subsaharan Africa,Sub-saharan Africa,SSA,Sub-Saharan Africa,Africa,Africa,Sub-Saharan Africa,Central Africa,Emerging,Annex_II,Middle Africa,SAA,no_mech,Other
TCD,Chad,39,39,TCD,Chad,FALSE,Chad,Chad,,39,Chad,148,148,6,TRUE,39,,Western Africa,1,Chad,Subsaharan Africa,Sub-saharan Africa,SSA,Sub-Saharan Africa,Africa,Africa,Sub-Saharan Africa,Central Africa,Emerging,Annex_II,Middle Africa,SAA,no_mech,Other
CHL,Chile,40,40,CHL,Chile,FALSE,Chile,Chile,Chile,40,Chile,152,152,4,TRUE,40,,South America,1,Chile,Latin America and the Caribbean,Latin America and Caribbean,LACA,Latin America and the Caribbean,Americas,Americas,Latin America and the Caribbean,South America,Emerging,Annex_II,Andean & Mexico,LACA,no_mech,Other
HKG,"China, Hong Kong SAR",93,96,HKG,"China, Hong Kong SAR",FALSE,"China, Hong Kong SAR",Hong Kong,"Hong Kong, China",351,China,344,344,14,TRUE,96,,East Asia,1,China,Eastern Asia,East Asia,S&E Asia,Eastern Asia,Asia,Asia and the Pacific,Eastern Asia,Eastern Asia,Emerging,Annex_II,Eastern Asia,SE-Asia,no_mech,Other
MAC,"China, Macao SAR",125,128,MAC,"China, Macao SAR",FALSE,"China, Macao SAR",Macau,,351,China,446,446,14,TRUE,128,,East Asia,1,China,Eastern Asia,East Asia,S&E Asia,Eastern Asia,Asia,Asia and the Pacific,Eastern Asia,Eastern Asia,Emerging,Annex_II,Eastern Asia,SE-Asia,no_mech,Other
CHN,"China, mainland",41,41,CHN,"China, mainland",FALSE,"China, mainland",China,People's Republic of China,351,China,156,156,14,TRUE,41,,East Asia,1,China,Eastern Asia,East Asia,S&E Asia,Eastern Asia,Asia,Asia and the Pacific,Eastern Asia,Eastern Asia,Emerging,Annex_II,Eastern Asia,SE-Asia,no_mech,Other
TWN,"China, Taiwan",210,214,TWN,"China, Taiwan Province of",FALSE,"China, Taiwan Province of",Taiwan,Chinese Taipei,351,China,,158,14,TRUE,214,,East Asia,1,China,Eastern Asia,East Asia,S&E Asia,Eastern Asia,Asia,Asia and the Pacific,Eastern Asia,Eastern Asia,Emerging,Annex_II,Eastern Asia,SE-Asia,no_mech,Other
COL,Colombia,44,44,COL,Colombia,FALSE,Colombia,Colombia,Colombia,44,Colombia,170,170,4,TRUE,44,,South America,1,Colombia,Latin America and the Caribbean,Latin America and Caribbean,LACA,Latin America and the Caribbean,Americas,Americas,Latin America and the Caribbean,South America,Emerging,Annex_II,Andean & Mexico,LACA,no_mech,Other
COG,Congo,46,46,COG,Congo,FALSE,Congo,Congo (Brazzaville),Republic of the Congo,46,Congo,178,178,6,TRUE,46,,Western Africa,1,Congo,Subsaharan Africa,Sub-saharan Africa,SSA,Sub-Saharan Africa,Africa,Africa,Sub-Saharan Africa,Central Africa,Emerging,Annex_II,Middle Africa,SAA,no_mech,Other
CRI,Costa Rica,48,48,CRI,Costa Rica,FALSE,Costa Rica,Costa Rica,Costa Rica,48,Costa Rica,188,188,3,TRUE,48,,Central America,1,Costa Rica,Latin America and the Caribbean,Latin America and Caribbean,LACA,Latin America and the Caribbean,Americas,Americas,Latin America and the Caribbean,Central America,Emerging,Annex_II,Caribbean & Centra Am.,LACA,no_mech,Other
HRV,Croatia,95,98,HRV,Croatia,TRUE,Croatia,Croatia,Croatia,98,Croatia,191,191,10,TRUE,98,HR,Eastern Europe,1,Croatia,Eastern and South Eastern Europe,East Europe,Europe,Southern Europe,Europe,Europe and Central Asia,"Northern, Southern and Western Europe",Southern Europe,Emerging,Annex_II,Southern Europe,Europe,mech,Europe
CUB,Cuba,49,49,CUB,Cuba,FALSE,Cuba,Cuba,Cuba,49,Cuba,192,192,3,TRUE,49,,Central America,1,Cuba,Latin America and the Caribbean,Latin America and Caribbean,LACA,Latin America and the Caribbean,Americas,Americas,Latin America and the Caribbean,Caribbean,Emerging,Annex_II,Caribbean & Centra Am.,LACA,no_mech,Other
CYP,Cyprus,50,50,CYP,Cyprus,TRUE,Cyprus,Cyprus,Cyprus,50,Cyprus,196,196,12,TRUE,50,,Middle East,1,Cyprus,Northern Africa and Western Asia,North Africa and West Asia,MENA,Western Asia,Asia,Europe and Central Asia,Central and Western Asia,Western Asia,Emerging,Annex_II,Western Asia,MENA,no_mech,Other
CZE,Czechia,164,167,CZE,Czechia,TRUE,Czech Republic,Czech Republic,Czech Republic,167,Czech Republic,203,203,10,TRUE,167,CZ,Eastern Europe,1,Czech Republic,Eastern and South Eastern Europe,East Europe,Europe,Eastern Europe,Europe,Europe and Central Asia,Eastern Europe,Eastern Europe,Advanced,Annex_I,Eastern Europe,Europe,mech,Europe
CSK,Czechoslovakia,51,51,CSK,Czechoslovakia,TRUE,Czechoslovakia,Former Czechoslovakia,,167,Czech Republic,200,200,9,TRUE,51,CZ_SK,OECD Europe,1,Czechoslovakia,Western Europe,West Europe,Europe,,,,,,,,,,,
DNK,Denmark,54,54,DNK,Denmark,TRUE,Denmark,Denmark,Denmark,54,Denmark,208,208,9,TRUE,54,DK,OECD Europe,1,Denmark,Western Europe,West Europe,Europe,Northern Europe,Europe,Europe and Central Asia,"Northern, Southern and Western Europe",Northern Europe,Advanced,Annex_I,Northern Europe,Europe,mech,Europe
DJI,Djibouti,72,72,DJI,Djibouti,FALSE,Djibouti,Djibouti,,72,Djibouti,262,262,7,TRUE,72,,Eastern Africa,1,Djibouti,Subsaharan Africa,Sub-saharan Africa,SSA,Sub-Saharan Africa,Africa,Africa,Sub-Saharan Africa,Eastern Africa,Emerging,Annex_II,Eastern Africa,SAA,no_mech,Other
DMA,Dominica,55,55,DMA,Dominica,FALSE,Dominica,Dominica,,55,Dominica,212,212,3,TRUE,55,,Central America,1,Dominica,Latin America and the Caribbean,Latin America and Caribbean,LACA,Latin America and the Caribbean,Americas,Americas,Latin America and the Caribbean,Caribbean,Emerging,Annex_II,Caribbean & Centra Am.,LACA,no_mech,Other
DOM,Dominican Republic,56,56,DOM,Dominican Republic,FALSE,Dominican Republic,Dominican Republic,Dominican Republic,56,Dominican Republic,214,214,3,TRUE,56,,Central America,1,Dominican Republic,Latin America and the Caribbean,Latin America and Caribbean,LACA,Latin America and the Caribbean,Americas,Americas,Latin America and the Caribbean,Caribbean,Emerging,Annex_II,Caribbean & Centra Am.,LACA,no_mech,Other
COD,DR Congo,242,250,COD,Democratic Republic of the Congo,FALSE,DR Congo,Congo (Kinshasa),Democratic Republic of the Congo,250,"Congo, Democratic Republic of",180,180,6,TRUE,250,,Western Africa,1,Democratic Republic of the Congo,Subsaharan Africa,Sub-saharan Africa,SSA,Sub-Saharan Africa,Africa,Africa,Sub-Saharan Africa,Central Africa,Emerging,Annex_II,Middle Africa,SAA,no_mech,Other
ECU,Ecuador,58,58,ECU,Ecuador,FALSE,Ecuador,Ecuador,Ecuador,58,Ecuador,218,218,4,TRUE,58,,South America,1,Ecuador,Latin America and the Caribbean,Latin America and Caribbean,LACA,Latin America and the Caribbean,Americas,Americas,Latin America and the Caribbean,South America,Emerging,Annex_II,Andean & Mexico,LACA,no_mech,Other
EGY,Egypt,59,59,EGY,Egypt,FALSE,Egypt,Egypt,Egypt,59,Egypt,818,818,5,TRUE,59,,Northern Africa,1,Egypt,Northern Africa and Western Asia,North Africa and West Asia,MENA,Northern Africa,Africa,Africa,Northern Africa,Northern Africa,Emerging,Annex_II,Northern Africa,MENA,no_mech,Other
SLV,El Salvador,60,60,SLV,El Salvador,FALSE,El Salvador,El Salvador,El Salvador,60,El Salvador,222,222,3,TRUE,60,,Central America,1,El Salvador,Latin America and the Caribbean,Latin America and Caribbean,LACA,Latin America and the Caribbean,Americas,Americas,Latin America and the Caribbean,Central America,Emerging,Annex_II,Caribbean & Centra Am.,LACA,no_mech,Other
GNQ,Equatorial Guinea,61,61,GNQ,Equatorial Guinea,FALSE,Equatorial Guinea,Equatorial Guinea,,61,Equatorial Guinea,226,226,6,FALSE,999,,Western Africa,1,Equatorial Guinea,Subsaharan Africa,Sub-saharan Africa,SSA,Sub-Saharan Africa,Africa,Africa,Sub-Saharan Africa,Central Africa,Emerging,Annex_II,Middle Africa,SAA,no_mech,Other
ERI,Eritrea,175,178,ERI,Eritrea,FALSE,Eritrea,Eritrea,Eritrea,178,Eritrea,232,232,7,TRUE,178,,Eastern Africa,1,Eritrea,Subsaharan Africa,Sub-saharan Africa,SSA,Sub-Saharan Africa,Africa,Africa,Sub-Saharan Africa,Eastern Africa,Emerging,Annex_II,Eastern Africa,SAA,no_mech,Other
EST,Estonia,63,63,EST,Estonia,TRUE,Estonia,Estonia,Estonia,63,Estonia,233,233,11,TRUE,63,EE,Former USSR,1,Estonia,Eastern and South Eastern Europe,East Europe,Europe,Northern Europe,Europe,Europe and Central Asia,"Northern, Southern and Western Europe",Northern Europe,Emerging,Annex_I,FSU,FSU,mech,Europe
SWZ,Eswatini,205,209,SWZ,Eswatini,FALSE,Eswatini,Swaziland,,209,Swaziland,,748,8,TRUE,999,,Southern Africa,1,Swaziland,Subsaharan Africa,Sub-saharan Africa,SSA,Sub-Saharan Africa,Africa,Africa,Sub-Saharan Africa,Southern Africa,Emerging,Annex_II,Southern Africa,SAA,mech,Other
ETH,Ethiopia,234,238,ETH,Ethiopia,FALSE,Ethiopia,Ethiopia,Ethiopia,238,Ethiopia,231,231,7,TRUE,238,,Eastern Africa,1,Ethiopia,Subsaharan Africa,Sub-saharan Africa,SSA,Sub-Saharan Africa,Africa,Africa,Sub-Saharan Africa,Eastern Africa,Emerging,Annex_II,Eastern Africa,SAA,no_mech,Other
ETH,Ethiopia,62,62,ETH,Ethiopia PDR,FALSE,Ethiopia PDR,,,999,Global average,231,230,7,TRUE,238,,Eastern Africa,0,Ethiopia PDR,Subsaharan Africa,Sub-saharan Africa,SSA,Sub-Saharan Africa,Africa,Africa,Sub-Saharan Africa,Eastern Africa,Emerging,Annex_II,Eastern Africa,SAA,no_mech,Other
REUR,Europe Other,6,6,AND,#N/A,FALSE,Andorra,,,999,Global average,20,20,9,FALSE,999,,OECD Europe,1,Andorra,Western Europe,West Europe,Europe,Southern Europe,Europe,Europe and Central Asia,"Northern, Southern and Western Europe",Southern Europe,Emerging,Annex_II,Southern Europe,Europe,mech,Europe
REUR,Europe Other,64,64,FRO,Faroe Islands,FALSE,Faroe Islands,Faroe Islands,,64,Faroe Islands,,234,9,FALSE,999,,OECD Europe,1,Faroe Islands,Western Europe,West Europe,Europe,Northern Europe,Europe,Europe and Central Asia,"Northern, Southern and Western Europe",Northern Europe,Emerging,Annex_II,Northern Europe,Europe,mech,Europe
REUR,Europe Other,79,82,GIB,#N/A,FALSE,Gibraltar,Gibraltar,Gibraltar,999,Global average,292,292,9,FALSE,999,,OECD Europe,1,Gibraltar,Western Europe,West Europe,Europe,Southern Europe,Europe,Europe and Central Asia,"Northern, Southern and Western Europe",Southern Europe,Emerging,Annex_II,Southern Europe,Europe,mech,Europe
REUR,Europe Other,82,85,GRL,#N/A,FALSE,Greenland,Greenland,,999,Global average,304,304,9,FALSE,999,,OECD Europe,1,Greenland,Western Europe,West Europe,Europe,Northern America,Americas,Americas,Northern America,Northern America,Emerging,Annex_II,Northern America,Europe,mech,Other
REUR,Europe Other,91,94,VAT,#N/A,FALSE,Holy See,,,999,Global average,,336,9,FALSE,999,,OECD Europe,1,Holy See,Western Europe,West Europe,Europe,Southern Europe,Europe,Europe and Central Asia,"Northern, Southern and Western Europe",Southern Europe,Advanced,Annex_I,Southern Europe,Europe,mech,Europe
REUR,Europe Other,122,125,LIE,#N/A,FALSE,Liechtenstein,,,999,Global average,,438,9,FALSE,999,,OECD Europe,1,Liechtenstein,Western Europe,West Europe,Europe,Western Europe,Europe,Europe and Central Asia,"Northern, Southern and Western Europe",Western Europe,Emerging,Annex_II,Western Europe,Europe,mech,Europe
REUR,Europe Other,137,140,MCO,#N/A,FALSE,Monaco,,,999,Global average,,492,9,FALSE,999,,OECD Europe,1,Monaco,Western Europe,West Europe,Europe,Western Europe,Europe,Europe and Central Asia,"Northern, Southern and Western Europe",Western Europe,Emerging,Annex_II,Western Europe,Europe,mech,Europe
REUR,Europe Other,189,192,SMR,#N/A,FALSE,San Marino,,,999,Global average,674,674,9,FALSE,999,,OECD Europe,1,San Marino,Western Europe,West Europe,Europe,Southern Europe,Europe,Europe and Central Asia,"Northern, Southern and Western Europe",Southern Europe,Emerging,Annex_II,Southern Europe,Europe,mech,Europe
REUR,Europe Other,249,260,SJM,#N/A,FALSE,Svalbard and Jan Mayen Islands,,,999,Global average,,744,9,FALSE,999,,OECD Europe,1,Svalbard and Jan Mayen Islands,Western Europe,West Europe,Europe,Northern Europe,Europe,,,,,,Northern Europe,Europe,mech,Europe
REUR,Europe Other,,,,,,,,,,,,,,,,,,,,,,,,,,,,,,,,,
FJI,Fiji,66,66,FJI,Fiji,FALSE,Fiji,Fiji,,66,Fiji,242,242,16,TRUE,66,,Oceania,1,Fiji,Australia and Oceania,North America and Oceania,Oceania,Melanesia,Oceania,Asia and the Pacific,South-Eastern Asia and the Pacific,Pacific Islands,Emerging,Annex_II,Pacific,AUS,no_mech,Other
FIN,Finland,67,67,FIN,Finland,TRUE,Finland,Finland,Finland,67,Finland,246,246,9,TRUE,67,FI,OECD Europe,1,Finland,Western Europe,West Europe,Europe,Northern Europe,Europe,Europe and Central Asia,"Northern, Southern and Western Europe",Northern Europe,Advanced,Annex_I,Northern Europe,Europe,mech,Europe
FRA,France,68,68,FRA,France,TRUE,France,France,France,68,France,251,250,9,TRUE,68,FR,OECD Europe,1,France,Western Europe,West Europe,Europe,Western Europe,Europe,Europe and Central Asia,"Northern, Southern and Western Europe",Western Europe,Advanced,Annex_I,Western Europe,Europe,mech,Europe
GUF,French Guiana,69,69,GUF,French Guiana,FALSE,French Guiana,French Guiana,,69,French Guiana,,254,4,FALSE,999,,South America,1,French Guiana,Latin America and the Caribbean,Latin America and Caribbean,LACA,Latin America and the Caribbean,Americas,Americas,Latin America and the Caribbean,South America,Emerging,Annex_II,Andean & Mexico,LACA,no_mech,Other
PYF,French Polynesia,70,70,PYF,French Polynesia,FALSE,French Polynesia,French Polynesia,,70,French Polynesia,258,258,16,TRUE,70,,Oceania,1,French Polynesia,Australia and Oceania,North America and Oceania,Oceania,Polynesia,Oceania,Asia and the Pacific,South-Eastern Asia and the Pacific,Pacific Islands,Emerging,Annex_II,Pacific,AUS,no_mech,Other
GAB,Gabon,74,74,GAB,Gabon,FALSE,Gabon,Gabon,Gabon,74,Gabon,266,266,6,TRUE,74,,Western Africa,1,Gabon,Subsaharan Africa,Sub-saharan Africa,SSA,Sub-Saharan Africa,Africa,Africa,Sub-Saharan Africa,Central Africa,Emerging,Annex_II,Middle Africa,SAA,no_mech,Other
GMB,Gambia,75,75,GMB,Gambia,FALSE,Gambia,"Gambia, The",,75,Gambia,270,270,6,TRUE,75,,Western Africa,1,Gambia,Subsaharan Africa,Sub-saharan Africa,SSA,Sub-Saharan Africa,Africa,Africa,Sub-Saharan Africa,Western Africa,Emerging,Annex_II,Western Africa,SAA,no_mech,Other
GEO,Georgia,73,73,GEO,Georgia,FALSE,Georgia,Georgia,Georgia,73,Georgia,268,268,11,TRUE,73,,Former USSR,1,Georgia,Central Asia and Russian Federation,South and Central Asia,CAS & Russia,Western Asia,Asia,Europe and Central Asia,Central and Western Asia,Western Asia,Emerging,Annex_II,FSU,FSU,no_mech,Other
DEU,Germany,76,79,DEU,Germany,TRUE,Germany,Germany,Germany,79,Germany,276,276,9,TRUE,79,DE,OECD Europe,1,Germany,Western Europe,West Europe,Europe,Western Europe,Europe,Europe and Central Asia,"Northern, Southern and Western Europe",Western Europe,Advanced,Annex_I,Western Europe,Europe,mech,Europe
GHA,Ghana,78,81,GHA,Ghana,FALSE,Ghana,Ghana,Ghana,81,Ghana,288,288,6,TRUE,81,,Western Africa,1,Ghana,Subsaharan Africa,Sub-saharan Africa,SSA,Sub-Saharan Africa,Africa,Africa,Sub-Saharan Africa,Western Africa,Emerging,Annex_II,Western Africa,SAA,no_mech,Other
GRC,Greece,81,84,GRC,Greece,TRUE,Greece,Greece,Greece,84,Greece,300,300,9,TRUE,84,GR,OECD Europe,1,Greece,Western Europe,West Europe,Europe,Southern Europe,Europe,Europe and Central Asia,"Northern, Southern and Western Europe",Southern Europe,Advanced,Annex_I,Southern Europe,Europe,mech,Europe
GRD,Grenada,83,86,GRD,Grenada,FALSE,Grenada,Grenada,,86,Grenada,308,308,3,TRUE,86,,Central America,1,Grenada,Latin America and the Caribbean,Latin America and Caribbean,LACA,Latin America and the Caribbean,Americas,Americas,Latin America and the Caribbean,Caribbean,Emerging,Annex_II,Caribbean & Centra Am.,LACA,no_mech,Other
GTM,Guatemala,86,89,GTM,Guatemala,FALSE,Guatemala,Guatemala,Guatemala,89,Guatemala,320,320,3,TRUE,89,,Central America,1,Guatemala,Latin America and the Caribbean,Latin America and Caribbean,LACA,Latin America and the Caribbean,Americas,Americas,Latin America and the Caribbean,Central America,Emerging,Annex_II,Caribbean & Centra Am.,LACA,no_mech,Other
GIN,Guinea,87,90,GIN,Guinea,FALSE,Guinea,Guinea,,90,Guinea,324,324,6,TRUE,90,,Western Africa,1,Guinea,Subsaharan Africa,Sub-saharan Africa,SSA,Sub-Saharan Africa,Africa,Africa,Sub-Saharan Africa,Western Africa,Emerging,Annex_II,Western Africa,SAA,no_mech,Other
GNB,Guinea-Bissau,172,175,GNB,Guinea-Bissau,FALSE,Guinea-Bissau,Guinea-Bissau,,175,Guinea-Bissau,624,624,6,TRUE,175,,Western Africa,1,Guinea-Bissau,Subsaharan Africa,Sub-saharan Africa,SSA,Sub-Saharan Africa,Africa,Africa,Sub-Saharan Africa,Western Africa,Emerging,Annex_II,Western Africa,SAA,no_mech,Other
GUY,Guyana,88,91,GUY,Guyana,FALSE,Guyana,Guyana,,91,Guyana,328,328,4,TRUE,91,,South America,1,Guyana,Latin America and the Caribbean,Latin America and Caribbean,LACA,Latin America and the Caribbean,Americas,Americas,Latin America and the Caribbean,South America,Emerging,Annex_II,Andean & Mexico,LACA,no_mech,Other
HTI,Haiti,90,93,HTI,Haiti,FALSE,Haiti,Haiti,Haiti,93,Haiti,332,332,3,TRUE,93,,Central America,1,Haiti,Latin America and the Caribbean,Latin America and Caribbean,LACA,Latin America and the Caribbean,Americas,Americas,Latin America and the Caribbean,Caribbean,Emerging,Annex_II,Caribbean & Centra Am.,LACA,no_mech,Other
HND,Honduras,92,95,HND,Honduras,FALSE,Honduras,Honduras,Honduras,95,Honduras,340,340,3,TRUE,95,,Central America,1,Honduras,Latin America and the Caribbean,Latin America and Caribbean,LACA,Latin America and the Caribbean,Americas,Americas,Latin America and the Caribbean,Central America,Emerging,Annex_II,Caribbean & Centra Am.,LACA,no_mech,Other
HUN,Hungary,94,97,HUN,Hungary,TRUE,Hungary,Hungary,Hungary,97,Hungary,348,348,10,TRUE,97,HU,Eastern Europe,1,Hungary,Eastern and South Eastern Europe,East Europe,Europe,Eastern Europe,Europe,Europe and Central Asia,Eastern Europe,Eastern Europe,Advanced,Annex_I,Eastern Europe,Europe,mech,Europe
ISL,Iceland,96,99,ISL,Iceland,FALSE,Iceland,Iceland,Iceland,99,Iceland,352,352,9,TRUE,99,,OECD Europe,1,Iceland,Western Europe,West Europe,Europe,Northern Europe,Europe,Europe and Central Asia,"Northern, Southern and Western Europe",Northern Europe,Advanced,Annex_I,Northern Europe,Europe,mech,Europe
IND,India,97,100,IND,India,FALSE,India,India,India,100,India,699,356,13,TRUE,100,,South Asia,1,India,Southern Asia,South and Central Asia,Southern Asia,Southern Asia,Asia,Asia and the Pacific,Southern Asia,Southern Asia,Emerging,Annex_II,Southern Asia,SE-Asia,no_mech,Other
IDN,Indonesia,98,101,IDN,Indonesia,FALSE,Indonesia,Indonesia,Indonesia,101,Indonesia,360,360,15,TRUE,101,,South East Asia,1,Indonesia,Southeastern Asia,South and Central Asia,S&E Asia,South-eastern Asia,Asia,Asia and the Pacific,South-Eastern Asia and the Pacific,South-Eastern Asia,Emerging,Annex_II,South-eastern Asia,SE-Asia,no_mech,Other
IRN,Iran,99,102,IRN,Iran (Islamic Republic of),FALSE,Iran,Iran,Islamic Republic of Iran,102,"Iran, Islamic Republic of",364,364,12,TRUE,102,,Middle East,1,Iran (Islamic Republic of),Southern Asia,South and Central Asia,Southern Asia,Southern Asia,Asia,Asia and the Pacific,Southern Asia,Southern Asia,Emerging,Annex_II,Southern Asia,SE-Asia,no_mech,Other
IRQ,Iraq,100,103,IRQ,Iraq,FALSE,Iraq,Iraq,Iraq,103,Iraq,368,368,12,TRUE,103,,Middle East,1,Iraq,Northern Africa and Western Asia,North Africa and West Asia,MENA,Western Asia,Asia,Arab States,Arab States,Arab States,Emerging,Annex_II,Western Asia,MENA,no_mech,Other
IRL,Ireland,101,104,IRL,Ireland,TRUE,Ireland,Ireland,Ireland,104,Ireland,372,372,9,TRUE,104,IE,OECD Europe,1,Ireland,Western Europe,West Europe,Europe,Northern Europe,Europe,Europe and Central Asia,"Northern, Southern and Western Europe",Northern Europe,Advanced,Annex_I,Northern Europe,Europe,mech,Europe
ISR,Israel,102,105,ISR,Israel,FALSE,Israel,Israel,Israel,105,Israel,376,376,12,TRUE,105,,Middle East,1,Israel,Northern Africa and Western Asia,North Africa and West Asia,MENA,Western Asia,Asia,Europe and Central Asia,Central and Western Asia,Western Asia,Advanced,Annex_II,Western Asia,MENA,no_mech,Other
ITA,Italy,103,106,ITA,Italy,TRUE,Italy,Italy,Italy,106,Italy,381,380,9,TRUE,106,IT,OECD Europe,1,Italy,Western Europe,West Europe,Europe,Southern Europe,Europe,Europe and Central Asia,"Northern, Southern and Western Europe",Southern Europe,Advanced,Annex_I,Southern Europe,Europe,mech,Europe
CIV,Ivory Coast,104,107,CIV,Côte d'Ivoire,FALSE,Ivory Coast,Cote dIvoire (IvoryCoast),CÃ´te d'Ivoire,107,CÃ´te d'Ivoire,384,384,6,TRUE,107,,Western Africa,1,Cote d'Ivoire,Subsaharan Africa,Sub-saharan Africa,SSA,Sub-Saharan Africa,Africa,Africa,Sub-Saharan Africa,Western Africa,Emerging,Annex_II,Western Africa,SAA,no_mech,Other
JAM,Jamaica,106,109,JAM,Jamaica,FALSE,Jamaica,Jamaica,Jamaica,109,Jamaica,388,388,3,TRUE,109,,Central America,1,Jamaica,Latin America and the Caribbean,Latin America and Caribbean,LACA,Latin America and the Caribbean,Americas,Americas,Latin America and the Caribbean,Caribbean,Emerging,Annex_II,Caribbean & Centra Am.,LACA,no_mech,Other
JPN,Japan,107,110,JPN,Japan,FALSE,Japan,Japan,Japan,110,Japan,392,392,17,TRUE,110,,Japan,1,Japan,Eastern Asia,East Asia,S&E Asia,Eastern Asia,Asia,Asia and the Pacific,Eastern Asia,Eastern Asia,Advanced,Annex_I,Eastern Asia,SE-Asia,no_mech,Other
JOR,Jordan,109,112,JOR,Jordan,FALSE,Jordan,Jordan,Jordan,112,Jordan,400,400,12,TRUE,112,,Middle East,1,Jordan,Northern Africa and Western Asia,North Africa and West Asia,MENA,Western Asia,Asia,Arab States,Arab States,Arab States,Emerging,Annex_II,Western Asia,MENA,no_mech,Other
KAZ,Kazakhstan,105,108,KAZ,Kazakhstan,FALSE,Kazakhstan,Kazakhstan,Kazakhstan,108,Kazakhstan,398,398,11,TRUE,108,,Former USSR,1,Kazakhstan,Central Asia and Russian Federation,South and Central Asia,CAS & Russia,Central Asia,Asia,Europe and Central Asia,Central and Western Asia,Central Asia,Emerging,Annex_II,FSU,FSU,mech,Other
KEN,Kenya,111,114,KEN,Kenya,FALSE,Kenya,Kenya,Kenya,114,Kenya,404,404,7,TRUE,114,,Eastern Africa,1,Kenya,Subsaharan Africa,Sub-saharan Africa,SSA,Sub-Saharan Africa,Africa,Africa,Sub-Saharan Africa,Eastern Africa,Emerging,Annex_II,Eastern Africa,SAA,no_mech,Other
KIR,Kiribati,80,83,KIR,Kiribati,FALSE,Kiribati,Kiribati,,83,Kiribati,296,296,16,TRUE,83,,Oceania,1,Kiribati,Australia and Oceania,North America and Oceania,Oceania,Micronesia,Oceania,Asia and the Pacific,South-Eastern Asia and the Pacific,Pacific Islands,Emerging,Annex_II,Pacific,AUS,mech,Other
KWT,Kuwait,115,118,KWT,Kuwait,FALSE,Kuwait,Kuwait,Kuwait,118,Kuwait,414,414,12,TRUE,118,,Middle East,1,Kuwait,Northern Africa and Western Asia,North Africa and West Asia,MENA,Western Asia,Asia,Arab States,Arab States,Arab States,Emerging,Annex_II,Western Asia,MENA,no_mech,Other
KGZ,Kyrgyzstan,110,113,KGZ,Kyrgyzstan,FALSE,Kyrgyzstan,Kyrgyzstan,Kyrgyzstan,113,Kyrgyzstan,417,417,11,TRUE,113,,Former USSR,1,Kyrgyzstan,Central Asia and Russian Federation,South and Central Asia,CAS & Russia,Central Asia,Asia,Europe and Central Asia,Central and Western Asia,Central Asia,Emerging,Annex_II,FSU,FSU,mech,Other
LAO,Lao,117,120,LAO,Lao People's Democratic Republic,FALSE,Lao,Laos,,120,Lao People's Democratic Republic,418,418,15,TRUE,120,,South East Asia,1,Lao People's Democratic Republic,Southeastern Asia,South and Central Asia,S&E Asia,South-eastern Asia,Asia,Asia and the Pacific,South-Eastern Asia and the Pacific,South-Eastern Asia,Emerging,Annex_II,South-eastern Asia,SE-Asia,no_mech,Other
RLAM,Latin America Other,248,258,AIA,#N/A,FALSE,Anguilla,,,999,Global average,660,660,3,FALSE,999,,Central America,1,Anguilla,Latin America and the Caribbean,Latin America and Caribbean,LACA,Latin America and the Caribbean,Americas,Americas,Latin America and the Caribbean,Caribbean,Emerging,Annex_II,Caribbean & Centra Am.,LACA,no_mech,Other
RLAM,Latin America Other,22,22,ABW,#N/A,FALSE,Aruba,Aruba,,999,Global average,533,533,3,FALSE,999,,Central America,1,Aruba,Latin America and the Caribbean,Latin America and Caribbean,LACA,Latin America and the Caribbean,Americas,Americas,Latin America and the Caribbean,Caribbean,Emerging,Annex_II,Caribbean & Centra Am.,LACA,no_mech,Other
RLAM,Latin America Other,17,17,BMU,#N/A,FALSE,Bermuda,Bermuda,,17,Bermuda,60,60,3,FALSE,999,,Central America,1,Bermuda,Latin America and the Caribbean,Latin America and Caribbean,LACA,Northern America,Americas,Americas,Northern America,Northern America,Emerging,Annex_II,Northern America,LACA,mech,Other
RLAM,Latin America Other,31,31,BVT,#N/A,FALSE,Bouvet Island,,,999,Global average,,74,4,FALSE,999,,South America,1,Bouvet Island,Latin America and the Caribbean,Latin America and Caribbean,LACA,Latin America and the Caribbean,Americas,Americas,Latin America and the Caribbean,South America,Emerging,Annex_II,Andean & Mexico,LACA,no_mech,Other
RLAM,Latin America Other,235,239,VGB,#N/A,FALSE,British Virgin Islands,"Virgin Islands, British",,999,Global average,92,92,3,FALSE,999,,Central America,1,British Virgin Islands,Latin America and the Caribbean,Latin America and Caribbean,LACA,Latin America and the Caribbean,Americas,Americas,Latin America and the Caribbean,Caribbean,Emerging,Annex_II,Caribbean & Centra Am.,LACA,no_mech,Other
RLAM,Latin America Other,36,36,CYM,#N/A,FALSE,Cayman Islands,Cayman Islands,,36,Cayman Islands,136,136,3,FALSE,999,,Central America,1,Cayman Islands,Latin America and the Caribbean,Latin America and Caribbean,LACA,Latin America and the Caribbean,Americas,Americas,Latin America and the Caribbean,Caribbean,Emerging,Annex_II,Caribbean & Centra Am.,LACA,no_mech,Other
RLAM,Latin America Other,256,279,CUW,#N/A,FALSE,CuraÃ§ao,,,999,Global average,531,,3,FALSE,999,,Central America,1,CuraÃ§ao,Latin America and the Caribbean,Latin America and Caribbean,LACA,Latin America and the Caribbean,Americas,Americas,Latin America and the Caribbean,Caribbean,Emerging,Annex_II,Caribbean & Centra Am.,LACA,no_mech,Other
RLAM,Latin America Other,65,65,FLK,#N/A,FALSE,Falkland Islands (Malvinas),Falkland Islands (Islas Malvinas),,999,Global average,238,238,4,FALSE,999,,South America,1,Falkland Islands (Malvinas),Latin America and the Caribbean,Latin America and Caribbean,LACA,Latin America and the Caribbean,Americas,Americas,Latin America and the Caribbean,South America,Emerging,Annex_II,Caribbean & Centra Am.,LACA,no_mech,Other
RLAM,Latin America Other,84,87,GLP,Guadeloupe,FALSE,Guadeloupe,Guadeloupe,,87,Guadeloupe,,312,3,FALSE,999,,Central America,1,Guadeloupe,Latin America and the Caribbean,Latin America and Caribbean,LACA,Latin America and the Caribbean,Americas,Americas,Latin America and the Caribbean,Caribbean,Emerging,Annex_II,Caribbean & Centra Am.,LACA,no_mech,Other
RLAM,Latin America Other,132,135,MTQ,Martinique,FALSE,Martinique,Martinique,,135,Martinique,,474,3,FALSE,999,,Central America,1,Martinique,Latin America and the Caribbean,Latin America and Caribbean,LACA,Latin America and the Caribbean,Americas,Americas,Latin America and the Caribbean,Caribbean,Emerging,Annex_II,Caribbean & Centra Am.,LACA,no_mech,Other
RLAM,Latin America Other,139,142,MSR,#N/A,FALSE,Montserrat,Montserrat,,142,Montserrat,500,500,3,FALSE,999,,Central America,1,Montserrat,Latin America and the Caribbean,Latin America and Caribbean,LACA,Latin America and the Caribbean,Americas,Americas,Latin America and the Caribbean,Caribbean,Emerging,Annex_II,Caribbean & Centra Am.,LACA,no_mech,Other
RLAM,Latin America Other,148,151,ANT,#N/A,FALSE,Netherlands Antilles,Netherlands Antilles,Netherlands Antilles / CuraÃ§ao,999,Global average,530,530,3,TRUE,151,,Central America,1,Netherlands Antilles,Latin America and the Caribbean,Latin America and Caribbean,LACA,Latin America and the Caribbean,Americas,Americas,Latin America and the Caribbean,Caribbean,Emerging,Annex_II,Caribbean & Centra Am.,LACA,no_mech,Other
RLAM,Latin America Other,257,281,MAF,#N/A,FALSE,Saint-Martin (French Part),,,999,Global average,,,3,FALSE,999,,Central America,1,Saint-Martin (French Part),Latin America and the Caribbean,Latin America and Caribbean,LACA,Latin America and the Caribbean,Americas,Americas,Latin America and the Caribbean,Caribbean,Emerging,Annex_II,Caribbean & Centra Am.,LACA,no_mech,Other
RLAM,Latin America Other,251,271,SGS,#N/A,FALSE,South Georgia and the South Sandwich Islands,,,999,Global average,,239,4,FALSE,999,,South America,1,South Georgia and the South Sandwich Islands,Latin America and the Caribbean,Latin America and Caribbean,LACA,Latin America and the Caribbean,Americas,,,,,,Andean & Mexico,LACA,no_mech,Other
RLAM,Latin America Other,220,224,TCA,#N/A,FALSE,Turks and Caicos Islands,Turks and Caicos Islands,,999,Global average,796,796,3,FALSE,999,,Central America,1,Turks and Caicos Islands,Latin America and the Caribbean,Latin America and Caribbean,LACA,Latin America and the Caribbean,Americas,Americas,Latin America and the Caribbean,Caribbean,Emerging,Annex_II,Caribbean & Centra Am.,LACA,no_mech,Other
RLAM,Latin America Other,236,240,VIR,#N/A,FALSE,United States Virgin Islands,"Virgin Islands,  U.S.",,999,Global average,,850,3,FALSE,999,,Central America,1,United States Virgin Islands,Latin America and the Caribbean,Latin America and Caribbean,LACA,Latin America and the Caribbean,Americas,Americas,Latin America and the Caribbean,Caribbean,Emerging,Annex_II,Caribbean & Centra Am.,LACA,no_mech,Other
RLAM,Latin America Other,,,,,,,,,,,,,,,,,,,,,,,,,,,,,,,,,
LVA,Latvia,116,119,LVA,Latvia,TRUE,Latvia,Latvia,Latvia,119,Latvia,428,428,11,TRUE,119,LV,Former USSR,1,Latvia,Eastern and South Eastern Europe,East Europe,Europe,Northern Europe,Europe,Europe and Central Asia,"Northern, Southern and Western Europe",Northern Europe,Emerging,Annex_I,FSU,FSU,mech,Europe
LBN,Lebanon,118,121,LBN,Lebanon,FALSE,Lebanon,Lebanon,Lebanon,121,Lebanon,422,422,12,TRUE,121,,Middle East,1,Lebanon,Northern Africa and Western Asia,North Africa and West Asia,MENA,Western Asia,Asia,Arab States,Arab States,Arab States,Emerging,Annex_II,Western Asia,MENA,no_mech,Other
LSO,Lesotho,119,122,LSO,Lesotho,FALSE,Lesotho,Lesotho,,122,Lesotho,426,426,8,TRUE,122,,Southern Africa,1,Lesotho,Subsaharan Africa,Sub-saharan Africa,SSA,Sub-Saharan Africa,Africa,Africa,Sub-Saharan Africa,Southern Africa,Emerging,Annex_II,Southern Africa,SAA,mech,Other
LBR,Liberia,120,123,LBR,Liberia,FALSE,Liberia,Liberia,,123,Liberia,430,430,6,TRUE,123,,Western Africa,1,Liberia,Subsaharan Africa,Sub-saharan Africa,SSA,Sub-Saharan Africa,Africa,Africa,Sub-Saharan Africa,Western Africa,Emerging,Annex_II,Western Africa,SAA,no_mech,Other
LBY,Libya,121,124,LBY,Libya,FALSE,Libya,Libya,Libya,124,Libyan Arab Jamahiriya,434,434,5,TRUE,124,,Northern Africa,1,Libya,Northern Africa and Western Asia,North Africa and West Asia,MENA,Northern Africa,Africa,Africa,Northern Africa,Northern Africa,Emerging,Annex_II,Northern Africa,MENA,no_mech,Other
LTU,Lithuania,123,126,LTU,Lithuania,TRUE,Lithuania,Lithuania,Lithuania,126,Lithuania,440,440,11,TRUE,126,LT,Former USSR,1,Lithuania,Eastern and South Eastern Europe,East Europe,Europe,Northern Europe,Europe,Europe and Central Asia,"Northern, Southern and Western Europe",Northern Europe,Emerging,Annex_I,FSU,FSU,mech,Europe
LUX,Luxembourg,247,256,LUX,Luxembourg,TRUE,Luxembourg,Luxembourg,Luxembourg,256,Luxembourg,442,442,9,TRUE,256,LU,OECD Europe,1,Luxembourg,Western Europe,West Europe,Europe,Western Europe,Europe,Europe and Central Asia,"Northern, Southern and Western Europe",Western Europe,Advanced,Annex_I,Western Europe,Europe,mech,Europe
MDG,Madagascar,126,129,MDG,Madagascar,FALSE,Madagascar,Madagascar,,129,Madagascar,450,450,7,TRUE,129,,Eastern Africa,1,Madagascar,Subsaharan Africa,Sub-saharan Africa,SSA,Sub-Saharan Africa,Africa,Africa,Sub-Saharan Africa,Eastern Africa,Emerging,Annex_II,Eastern Africa,SAA,no_mech,Other
MWI,Malawi,127,130,MWI,Malawi,FALSE,Malawi,Malawi,,130,Malawi,454,454,8,TRUE,130,,Southern Africa,1,Malawi,Subsaharan Africa,Sub-saharan Africa,SSA,Sub-Saharan Africa,Africa,Africa,Sub-Saharan Africa,Eastern Africa,Emerging,Annex_II,Eastern Africa,SAA,no_mech,Other
MYS,Malaysia,128,131,MYS,Malaysia,FALSE,Malaysia,Malaysia,Malaysia,131,Malaysia,458,458,15,TRUE,131,,South East Asia,1,Malaysia,Southeastern Asia,South and Central Asia,S&E Asia,South-eastern Asia,Asia,Asia and the Pacific,South-Eastern Asia and the Pacific,South-Eastern Asia,Emerging,Annex_II,South-eastern Asia,SE-Asia,no_mech,Other
MDV,Maldives,129,132,MDV,Maldives,FALSE,Maldives,Maldives,,132,Maldives,462,462,13,TRUE,132,,South Asia,1,Maldives,Southern Asia,South and Central Asia,Southern Asia,Southern Asia,Asia,Asia and the Pacific,Southern Asia,Southern Asia,Emerging,Annex_II,Southern Asia,SE-Asia,no_mech,Other
MLI,Mali,130,133,MLI,Mali,FALSE,Mali,Mali,,133,Mali,466,466,6,TRUE,133,,Western Africa,1,Mali,Subsaharan Africa,Sub-saharan Africa,SSA,Sub-Saharan Africa,Africa,Africa,Sub-Saharan Africa,Western Africa,Emerging,Annex_II,Western Africa,SAA,no_mech,Other
MLT,Malta,131,134,MLT,Malta,TRUE,Malta,Malta,Malta,134,Malta,470,470,9,TRUE,134,,OECD Europe,1,Malta,Western Europe,West Europe,Europe,Southern Europe,Europe,Europe and Central Asia,"Northern, Southern and Western Europe",Southern Europe,Emerging,Annex_II,Southern Europe,Europe,mech,Europe
MRT,Mauritania,133,136,MRT,Mauritania,FALSE,Mauritania,Mauritania,,136,Mauritania,478,478,6,TRUE,136,,Western Africa,1,Mauritania,Subsaharan Africa,Sub-saharan Africa,SSA,Sub-Saharan Africa,Africa,Africa,Sub-Saharan Africa,Western Africa,Emerging,Annex_II,Western Africa,SAA,no_mech,Other
MUS,Mauritius,134,137,MUS,Mauritius,FALSE,Mauritius,Mauritius,Mauritius,137,Mauritius,480,480,7,TRUE,137,,Eastern Africa,1,Mauritius,Subsaharan Africa,Sub-saharan Africa,SSA,Sub-Saharan Africa,Africa,Africa,Sub-Saharan Africa,Eastern Africa,Emerging,Annex_II,Eastern Africa,SAA,no_mech,Other
MEX,Mexico,135,138,MEX,Mexico,FALSE,Mexico,Mexico,Mexico,138,Mexico,484,484,3,TRUE,138,,Central America,1,Mexico,Latin America and the Caribbean,Latin America and Caribbean,LACA,Latin America and the Caribbean,Americas,Americas,Latin America and the Caribbean,Central America,Emerging,Annex_II,Andean & Mexico,LACA,no_mech,Other
MNG,Mongolia,138,141,MNG,Mongolia,FALSE,Mongolia,Mongolia,Mongolia,141,Mongolia,496,496,14,TRUE,141,,East Asia,1,Mongolia,Eastern Asia,East Asia,S&E Asia,Eastern Asia,Asia,Asia and the Pacific,Eastern Asia,Eastern Asia,Emerging,Annex_II,Eastern Asia,SE-Asia,no_mech,Other
MNE,Montenegro,253,273,MNE,Montenegro,FALSE,Montenegro,Montenegro,Montenegro,186,Serbia and Montenegro,499,499,9,TRUE,273,,OECD Europe,1,Montenegro,Western Europe,West Europe,Europe,Southern Europe,Europe,Europe and Central Asia,"Northern, Southern and Western Europe",Southern Europe,Emerging,Annex_II,Southern Europe,Europe,mech,Europe
MAR,Morocco,140,143,MAR,Morocco,FALSE,Morocco,Morocco,Morocco,143,Morocco,504,504,5,TRUE,143,,Northern Africa,1,Morocco,Northern Africa and Western Asia,North Africa and West Asia,MENA,Northern Africa,Africa,Africa,Northern Africa,Northern Africa,Emerging,Annex_II,Northern Africa,MENA,no_mech,Other
MOZ,Mozambique,141,144,MOZ,Mozambique,FALSE,Mozambique,Mozambique,Mozambique,144,Mozambique,508,508,8,TRUE,144,,Southern Africa,1,Mozambique,Subsaharan Africa,Sub-saharan Africa,SSA,Sub-Saharan Africa,Africa,Africa,Sub-Saharan Africa,Eastern Africa,Emerging,Annex_II,Eastern Africa,SAA,no_mech,Other
MMR,Myanmar,28,28,MMR,Myanmar,FALSE,Myanmar,Burma (Myanmar),Myanmar,28,Myanmar,104,104,15,TRUE,28,,South East Asia,1,Myanmar,Southeastern Asia,South and Central Asia,S&E Asia,South-eastern Asia,Asia,Asia and the Pacific,South-Eastern Asia and the Pacific,South-Eastern Asia,Emerging,Annex_II,South-eastern Asia,SE-Asia,no_mech,Other
NAM,Namibia,144,147,NAM,Namibia,FALSE,Namibia,Namibia,Namibia,147,Namibia,516,516,8,TRUE,147,,Southern Africa,1,Namibia,Subsaharan Africa,Sub-saharan Africa,SSA,Sub-Saharan Africa,Africa,Africa,Sub-Saharan Africa,Southern Africa,Emerging,Annex_II,Southern Africa,SAA,mech,Other
NPL,Nepal,146,149,NPL,Nepal,FALSE,Nepal,Nepal,Nepal,149,Nepal,524,524,13,TRUE,149,,South Asia,1,Nepal,Southern Asia,South and Central Asia,Southern Asia,Southern Asia,Asia,Asia and the Pacific,Southern Asia,Southern Asia,Emerging,Annex_II,Southern Asia,SE-Asia,no_mech,Other
NLD,Netherlands,147,150,NLD,Netherlands (Kingdom of the),TRUE,Netherlands,Netherlands,Netherlands,150,Netherlands,528,528,9,TRUE,150,NL,OECD Europe,1,Netherlands,Western Europe,West Europe,Europe,Western Europe,Europe,Europe and Central Asia,"Northern, Southern and Western Europe",Western Europe,Advanced,Annex_I,Western Europe,Europe,mech,Europe
NZL,New Zealand,153,156,NZL,New Zealand,FALSE,New Zealand,New Zealand,New Zealand,156,New Zealand,554,554,16,TRUE,156,,Oceania,1,New Zealand,Australia and Oceania,North America and Oceania,Oceania,Australia and New Zealand,Oceania,Asia and the Pacific,South-Eastern Asia and the Pacific,Pacific Islands,Advanced,Annex_I,Pacific,AUS,mech,Other
NIC,Nicaragua,154,157,NIC,Nicaragua,FALSE,Nicaragua,Nicaragua,Nicaragua,157,Nicaragua,558,558,3,TRUE,157,,Central America,1,Nicaragua,Latin America and the Caribbean,Latin America and Caribbean,LACA,Latin America and the Caribbean,Americas,Americas,Latin America and the Caribbean,Central America,Emerging,Annex_II,Caribbean & Centra Am.,LACA,no_mech,Other
NER,Niger,155,158,NER,Niger,FALSE,Niger,Niger,Niger,158,Niger,562,562,6,TRUE,158,,Western Africa,1,Niger,Subsaharan Africa,Sub-saharan Africa,SSA,Sub-Saharan Africa,Africa,Africa,Sub-Saharan Africa,Western Africa,Emerging,Annex_II,Western Africa,SAA,no_mech,Other
NGA,Nigeria,156,159,NGA,Nigeria,FALSE,Nigeria,Nigeria,Nigeria,159,Nigeria,566,566,6,TRUE,159,,Western Africa,1,Nigeria,Subsaharan Africa,Sub-saharan Africa,SSA,Sub-Saharan Africa,Africa,Africa,Sub-Saharan Africa,Western Africa,Emerging,Annex_II,Western Africa,SAA,no_mech,Other
RNAM,North America Other,187,190,SPM,#N/A,FALSE,Saint Pierre and Miquelon,Saint Pierre and Miquelon,,190,Saint Pierre and Miquelon,666,666,2,FALSE,999,,USA,1,Saint Pierre and Miquelon,Northern America,North America and Oceania,Northern America,Northern America,Americas,Americas,Northern America,Northern America,Emerging,Annex_II,Northern America,NAME,mech,Other
RNAM,North America Other,228,232,UMI,#N/A,FALSE,US Minor Is.,,,999,Global average,,581,2,FALSE,999,,USA,1,US Minor Is.,Northern America,North America and Oceania,Northern America,Micronesia,Americas,Asia and the Pacific,South-Eastern Asia and the Pacific,Pacific Islands,Emerging,Annex_II,Pacific,NAME,mech,Other
RNAM,North America Other,,,,,,,,,,,,,,,,,,,,,,,,,,,,,,,,,
PRK,North Korea,113,116,PRK,Democratic People's Republic of Korea,FALSE,North Korea,"Korea, North",Democratic People's Republic of Korea,116,"Korea, Democratic People's Republic of",408,408,14,TRUE,116,,East Asia,1,DPRepublic of Korea,Eastern Asia,East Asia,S&E Asia,Eastern Asia,Asia,Asia and the Pacific,Eastern Asia,Eastern Asia,Emerging,Annex_II,Eastern Asia,SE-Asia,no_mech,Other
MKD,North Macedonia,151,154,MKD,North Macedonia,FALSE,North Macedonia,Macedonia,Former Yugoslav Republic of Macedonia,154,The former Yugoslav Republic of Macedonia,807,807,10,TRUE,999,,Eastern Europe,1,North Macedonia,Eastern and South Eastern Europe,East Europe,Europe,Southern Europe,Europe,Europe and Central Asia,"Northern, Southern and Western Europe",Southern Europe,Emerging,Annex_II,Southern Europe,Europe,mech,Europe
NOR,Norway,159,162,NOR,Norway,FALSE,Norway,Norway,Norway,162,Norway,579,578,9,TRUE,162,,OECD Europe,1,Norway,Western Europe,West Europe,Europe,Northern Europe,Europe,Europe and Central Asia,"Northern, Southern and Western Europe",Northern Europe,Advanced,Annex_I,Northern Europe,Europe,mech,Europe
ROCE,Oceania Other,5,5,ASM,#N/A,FALSE,American Samoa,American Samoa,,5,American Samoa,16,16,16,FALSE,999,,Oceania,1,American Samoa,Australia and Oceania,North America and Oceania,Oceania,Polynesia,Oceania,Asia and the Pacific,South-Eastern Asia and the Pacific,Pacific Islands,Emerging,Annex_II,Pacific,AUS,no_mech,Other
ROCE,Oceania Other,34,34,CTE,#N/A,FALSE,Canton and Enderbury Islands,,,999,Global average,,128,16,FALSE,999,,Oceania,1,Canton and Enderbury Islands,Australia and Oceania,North America and Oceania,Oceania,Australia and New Zealand,Oceania,Asia and the Pacific,South-Eastern Asia and the Pacific,Pacific Islands,Advanced,Annex_I,Pacific,AUS,mech,Other
ROCE,Oceania Other,42,42,CXR,#N/A,FALSE,Christmas Island,,,999,Global average,162,162,16,FALSE,999,,Oceania,1,Christmas Island,Australia and Oceania,North America and Oceania,Oceania,Australia and New Zealand,Oceania,Asia and the Pacific,South-Eastern Asia and the Pacific,Pacific Islands,Emerging,Annex_II,Pacific,AUS,mech,Other
ROCE,Oceania Other,43,43,CCK,#N/A,FALSE,Cocos (Keeling) Islands,,,999,Global average,166,166,16,FALSE,999,,Oceania,1,Cocos (Keeling) Islands,Australia and Oceania,North America and Oceania,Oceania,Australia and New Zealand,Oceania,Asia and the Pacific,South-Eastern Asia and the Pacific,Pacific Islands,Emerging,Annex_II,Pacific,AUS,mech,Other
ROCE,Oceania Other,47,47,COK,Cook Islands,FALSE,Cook Islands,Cook Islands,,47,Cook Islands,184,184,16,FALSE,999,,Oceania,1,Cook Islands,Australia and Oceania,North America and Oceania,Oceania,Polynesia,Oceania,Asia and the Pacific,South-Eastern Asia and the Pacific,Pacific Islands,Emerging,Annex_II,Pacific,AUS,no_mech,Other
ROCE,Oceania Other,71,71,ATF,#N/A,FALSE,French Southern and Antarctic Territories,,,999,Global average,260,260,16,FALSE,999,,Oceania,1,French Southern and Antarctic Territories,Australia and Oceania,North America and Oceania,Oceania,Sub-Saharan Africa,Oceania,Americas,Northern America,Northern America,Emerging,Annex_II,Northern America,NAME,mech,Other
ROCE,Oceania Other,85,88,GUM,#N/A,FALSE,Guam,Guam,,88,Guam,316,316,16,FALSE,999,,Oceania,1,Guam,Australia and Oceania,North America and Oceania,Oceania,Micronesia,Oceania,Asia and the Pacific,South-Eastern Asia and the Pacific,Pacific Islands,Emerging,Annex_II,Pacific,AUS,mech,Other
ROCE,Oceania Other,89,92,HMD,#N/A,FALSE,Heard and McDonald Islands,,,999,Global average,,334,16,FALSE,999,,Oceania,1,Heard and McDonald Islands,Australia and Oceania,North America and Oceania,Oceania,Australia and New Zealand,Oceania,,,,,,Pacific,AUS,mech,Other
ROCE,Oceania Other,108,111,JTN,#N/A,FALSE,Johnston Island,,,999,Global average,,396,16,FALSE,999,,Oceania,1,Johnston Island,Australia and Oceania,North America and Oceania,Oceania,Northern America,Oceania,Americas,Northern America,Northern America,Advanced,Annex_I,Northern America,NAME,mech,Other
MHL,Marshall Islands,124,127,MHL,Marshall Islands,FALSE,Marshall Islands,,,127,Marshall Islands,584,584,16,TRUE,127,,Oceania,1,Marshall Islands,Australia and Oceania,North America and Oceania,Oceania,Micronesia,Oceania,Asia and the Pacific,South-Eastern Asia and the Pacific,Pacific Islands,Emerging,Annex_II,Pacific,AUS,mech,Other
FSM,Micronesia (Federated States of),142,145,FSM,Micronesia (Federated States of),FALSE,Micronesia (Federated States of),,,145,"Micronesia, Federated States of",583,583,16,TRUE,145,,Oceania,1,Micronesia (Federated States of),Australia and Oceania,North America and Oceania,Oceania,Micronesia,Oceania,Asia and the Pacific,South-Eastern Asia and the Pacific,Pacific Islands,Emerging,Annex_II,Pacific,AUS,mech,Other
ROCE,Oceania Other,136,139,MID,#N/A,FALSE,Midway Island,,,999,Global average,,488,16,FALSE,999,,Oceania,1,Midway Island,Australia and Oceania,North America and Oceania,Oceania,Micronesia,Oceania,Asia and the Pacific,South-Eastern Asia and the Pacific,Pacific Islands,Emerging,Annex_II,Pacific,AUS,mech,Other
NRU,Nauru,145,148,NRU,Nauru,FALSE,Nauru,Nauru,,148,Nauru,520,520,16,TRUE,148,,Oceania,1,Nauru,Australia and Oceania,North America and Oceania,Oceania,Micronesia,Oceania,Asia and the Pacific,South-Eastern Asia and the Pacific,Pacific Islands,Emerging,Annex_II,Pacific,AUS,mech,Other
ROCE,Oceania Other,150,153,NCL,New Caledonia,FALSE,New Caledonia,New Caledonia,,153,New Caledonia,540,540,16,TRUE,999,,Oceania,1,New Caledonia,Australia and Oceania,North America and Oceania,Oceania,Melanesia,Oceania,Asia and the Pacific,South-Eastern Asia and the Pacific,Pacific Islands,Emerging,Annex_II,Pacific,AUS,no_mech,Other
ROCE,Oceania Other,157,160,NIU,Niue,FALSE,Niue,Niue,,160,Niue,570,570,16,FALSE,999,,Oceania,1,Niue,Australia and Oceania,North America and Oceania,Oceania,Polynesia,Oceania,Asia and the Pacific,South-Eastern Asia and the Pacific,Pacific Islands,Emerging,Annex_II,Pacific,AUS,no_mech,Other
ROCE,Oceania Other,158,161,NFK,#N/A,FALSE,Norfolk Island,,,999,Global average,574,574,16,FALSE,999,,Oceania,1,Norfolk Island,Australia and Oceania,North America and Oceania,Oceania,Australia and New Zealand,Oceania,Asia and the Pacific,South-Eastern Asia and the Pacific,Pacific Islands,Emerging,Annex_II,Pacific,AUS,no_mech,Other
ROCE,Oceania Other,160,163,MNP,#N/A,FALSE,Northern Mariana Islands,,,999,Global average,580,580,16,FALSE,999,,Oceania,1,Northern Mariana Islands,Australia and Oceania,North America and Oceania,Oceania,Micronesia,Oceania,Asia and the Pacific,South-Eastern Asia and the Pacific,Pacific Islands,Emerging,Annex_II,Pacific,Micronesia,Micronesia,Other
ROCE,Oceania Other,177,180,PLW,#N/A,FALSE,Palau,,,999,Global average,585,585,16,FALSE,999,,Oceania,1,Palau,Australia and Oceania,North America and Oceania,Oceania,Micronesia,Oceania,Asia and the Pacific,South-Eastern Asia and the Pacific,Pacific Islands,Emerging,Annex_II,Pacific,AUS,mech,Other
ROCE,Oceania Other,169,172,PCN,#N/A,FALSE,Pitcairn Islands,,,999,Global average,612,612,16,FALSE,999,,Oceania,1,Pitcairn Islands,Australia and Oceania,North America and Oceania,Oceania,Polynesia,Oceania,Asia and the Pacific,South-Eastern Asia and the Pacific,Pacific Islands,Emerging,Annex_II,Pacific,AUS,no_mech,Other
ROCE,Oceania Other,214,218,TKL,Tokelau,FALSE,Tokelau,,,218,Tokelau,772,772,16,FALSE,999,,Oceania,1,Tokelau,Australia and Oceania,North America and Oceania,Oceania,Polynesia,Oceania,Asia and the Pacific,South-Eastern Asia and the Pacific,Pacific Islands,Emerging,Annex_II,Pacific,AUS,no_mech,Other
TON,Tonga,215,219,TON,Tonga,FALSE,Tonga,Tonga,,219,Tonga,776,776,16,TRUE,219,,Oceania,1,Tonga,Australia and Oceania,North America and Oceania,Oceania,Polynesia,Oceania,Asia and the Pacific,South-Eastern Asia and the Pacific,Pacific Islands,Emerging,Annex_II,Pacific,AUS,no_mech,Other
TUV,Tuvalu,223,227,TUV,Tuvalu,FALSE,Tuvalu,,,227,Tuvalu,798,798,16,TRUE,227,,Oceania,1,Tuvalu,Australia and Oceania,North America and Oceania,Oceania,Polynesia,Oceania,Asia and the Pacific,South-Eastern Asia and the Pacific,Pacific Islands,Emerging,Annex_II,Pacific,AUS,no_mech,Other
ROCE,Oceania Other,237,242,WAK,#N/A,FALSE,Wake Island,Wake Island,,999,Global average,,872,16,FALSE,999,,Oceania,1,Wake Island,Australia and Oceania,North America and Oceania,Oceania,,Oceania,,,,,,Pacific,AUS,no_mech,Other
ROCE,Oceania Other,238,243,WLF,#N/A,FALSE,Wallis and Futuna Islands,,,243,Wallis and Futuna Islands,876,876,16,FALSE,999,,Oceania,1,Wallis and Futuna Islands,Australia and Oceania,North America and Oceania,Oceania,Polynesia,Oceania,Asia and the Pacific,South-Eastern Asia and the Pacific,Pacific Islands,Emerging,Annex_II,Pacific,AUS,mech,Other
ROCE,Oceania Other,,,,,,,,,,,,,,,,,,,,,,,,,,,,,,,,,
OMN,Oman,217,221,OMN,Oman,FALSE,Oman,Oman,Oman,221,Oman,512,512,12,TRUE,221,,Middle East,1,Oman,Northern Africa and Western Asia,North Africa and West Asia,MENA,Western Asia,Asia,Arab States,Arab States,Arab States,Emerging,Annex_II,Western Asia,MENA,no_mech,Other
PAK,Pakistan,162,165,PAK,Pakistan,FALSE,Pakistan,Pakistan,Pakistan,165,Pakistan,586,586,13,TRUE,165,,South Asia,1,Pakistan,Southern Asia,South and Central Asia,Southern Asia,Southern Asia,Asia,Asia and the Pacific,Southern Asia,Southern Asia,Emerging,Annex_II,Southern Asia,SE-Asia,no_mech,Other
PSE,Palestine,258,299,PSE,Palestine,FALSE,Palestine,Palestinian Territories,,299,Occupied Palestinian Territory,275,275,12,FALSE,999,,Middle East,1,Occupied Palestinian Territory,Northern Africa and Western Asia,North Africa and West Asia,MENA,Western Asia,Asia,Arab States,Arab States,Arab States,Emerging,Annex_II,Western Asia,MENA,no_mech,Other
PAN,Panama,163,166,PAN,Panama,FALSE,Panama,Panama,Panama,166,Panama,591,591,3,TRUE,166,,Central America,1,Panama,Latin America and the Caribbean,Latin America and Caribbean,LACA,Latin America and the Caribbean,Americas,Americas,Latin America and the Caribbean,Central America,Emerging,Annex_II,Caribbean & Centra Am.,LACA,no_mech,Other
PNG,Papua New Guinea,165,168,PNG,Papua New Guinea,FALSE,Papua New Guinea,Papua New Guinea,,168,Papua New Guinea,598,598,16,TRUE,168,,Oceania,1,Papua New Guinea,Australia and Oceania,North America and Oceania,Oceania,Melanesia,Oceania,Asia and the Pacific,South-Eastern Asia and the Pacific,Pacific Islands,Emerging,Annex_II,Pacific,AUS,no_mech,Other
PRY,Paraguay,166,169,PRY,Paraguay,FALSE,Paraguay,Paraguay,Paraguay,169,Paraguay,600,600,4,TRUE,169,,South America,1,Paraguay,Latin America and the Caribbean,Latin America and Caribbean,LACA,Latin America and the Caribbean,Americas,Americas,Latin America and the Caribbean,South America,Emerging,Annex_II,South America - South Cone,LACA,no_mech,Other
PER,Peru,167,170,PER,Peru,FALSE,Peru,Peru,Peru,170,Peru,604,604,4,TRUE,170,,South America,1,Peru,Latin America and the Caribbean,Latin America and Caribbean,LACA,Latin America and the Caribbean,Americas,Americas,Latin America and the Caribbean,South America,Emerging,Annex_II,Andean & Mexico,LACA,no_mech,Other
PHL,Philippines,168,171,PHL,Philippines,FALSE,Philippines,Philippines,Philippines,171,Philippines,608,608,15,TRUE,171,,South East Asia,1,Philippines,Southeastern Asia,South and Central Asia,S&E Asia,South-eastern Asia,Asia,Asia and the Pacific,South-Eastern Asia and the Pacific,South-Eastern Asia,Emerging,Annex_II,South-eastern Asia,SE-Asia,no_mech,Other
POL,Poland,170,173,POL,Poland,TRUE,Poland,Poland,Poland,173,Poland,616,616,10,TRUE,173,PL,Eastern Europe,1,Poland,Eastern and South Eastern Europe,East Europe,Europe,Eastern Europe,Europe,Europe and Central Asia,Eastern Europe,Eastern Europe,Advanced,Annex_I,Eastern Europe,Europe,mech,Europe
PRT,Portugal,171,174,PRT,Portugal,TRUE,Portugal,Portugal,Portugal,174,Portugal,620,620,9,TRUE,174,PT,OECD Europe,1,Portugal,Western Europe,West Europe,Europe,Southern Europe,Europe,Europe and Central Asia,"Northern, Southern and Western Europe",Southern Europe,Advanced,Annex_I,Southern Europe,Europe,mech,Europe
PRI,Puerto Rico,174,177,PRI,Puerto Rico,FALSE,Puerto Rico,Puerto Rico,,177,Puerto Rico,,630,3,TRUE,177,,Central America,1,Puerto Rico,Latin America and the Caribbean,Latin America and Caribbean,LACA,Latin America and the Caribbean,Americas,Americas,Latin America and the Caribbean,Caribbean,Emerging,Annex_II,Caribbean & Centra Am.,LACA,no_mech,Other
QAT,Qatar,176,179,QAT,Qatar,FALSE,Qatar,Qatar,Qatar,179,Qatar,634,634,12,TRUE,179,,Middle East,1,Qatar,Northern Africa and Western Asia,North Africa and West Asia,MENA,Western Asia,Asia,Arab States,Arab States,Arab States,Emerging,Annex_II,Western Asia,MENA,no_mech,Other
KOR,Republic of Korea,114,117,KOR,Republic of Korea,FALSE,South Korea,"Korea, South",Korea,117,"Korea, Republic of",410,410,14,TRUE,117,,East Asia,1,Republic of Korea,Eastern Asia,East Asia,S&E Asia,Eastern Asia,Asia,Asia and the Pacific,Eastern Asia,Eastern Asia,Advanced,Annex_II,Eastern Asia,SE-Asia,no_mech,Other
MDA,Republic of Moldova,143,146,MDA,Republic of Moldova,FALSE,Moldova,Moldova,Republic of Moldova,146,Moldova,498,498,11,TRUE,146,,Former USSR,1,Moldova,Eastern and South Eastern Europe,East Europe,Europe,Eastern Europe,Europe,Europe and Central Asia,Eastern Europe,Eastern Europe,Emerging,Annex_II,FSU,FSU,mech,Europe
ROU,Romania,180,183,ROU,Romania,TRUE,Romania,Romania,Romania,183,Romania,642,642,10,TRUE,183,RO,Eastern Europe,1,Romania,Eastern and South Eastern Europe,East Europe,Europe,Eastern Europe,Europe,Europe and Central Asia,Eastern Europe,Eastern Europe,Emerging,Annex_I,Eastern Europe,Europe,mech,Europe
RUS,Russian Federation,182,185,RUS,Russian Federation,FALSE,Russian Federation,Russia,Russia,185,Russian Federation,643,643,11,TRUE,185,,Former USSR,1,Russian Federation,Central Asia and Russian Federation,South and Central Asia,CAS & Russia,Eastern Europe,Europe,Europe and Central Asia,Eastern Europe,Eastern Europe,Emerging,Annex_I,FSU,FSU,mech,Europe
RWA,Rwanda,181,184,RWA,Rwanda,FALSE,Rwanda,Rwanda,,184,Rwanda,646,646,7,TRUE,184,,Eastern Africa,1,Rwanda,Subsaharan Africa,Sub-saharan Africa,SSA,Sub-Saharan Africa,Africa,Africa,Sub-Saharan Africa,Eastern Africa,Emerging,Annex_II,Eastern Africa,SAA,no_mech,Other
KNA,Saint Kitts and Nevis,185,188,KNA,Saint Kitts and Nevis,FALSE,Saint Kitts and Nevis,Saint Kitts and Nevis,,188,Saint Kitts and Nevis,659,659,3,TRUE,188,,Central America,1,Saint Kitts and Nevis,Latin America and the Caribbean,Latin America and Caribbean,LACA,Latin America and the Caribbean,Americas,Americas,Latin America and the Caribbean,Caribbean,Emerging,Annex_II,Caribbean & Centra Am.,LACA,no_mech,Other
LCA,Saint Lucia,186,189,LCA,Saint Lucia,FALSE,Saint Lucia,Saint Lucia,,189,Saint Lucia,662,662,3,TRUE,189,,Central America,1,Saint Lucia,Latin America and the Caribbean,Latin America and Caribbean,LACA,Latin America and the Caribbean,Americas,Americas,Latin America and the Caribbean,Caribbean,Emerging,Annex_II,Caribbean & Centra Am.,LACA,no_mech,Other
VCT,Saint Vincent and the Grenadines,188,191,VCT,Saint Vincent and the Grenadines,FALSE,Saint Vincent and the Grenadines,Saint Vincent/Grenadines,,191,Saint Vincent and Grenadines,670,670,3,TRUE,191,,Central America,1,Saint Vincent and the Grenadines,Latin America and the Caribbean,Latin America and Caribbean,LACA,Latin America and the Caribbean,Americas,Americas,Latin America and the Caribbean,Caribbean,Emerging,Annex_II,Caribbean & Centra Am.,LACA,no_mech,Other
WSM,Samoa,239,244,WSM,Samoa,FALSE,Samoa,Samoa,,244,Samoa,882,882,16,TRUE,244,,Oceania,1,Samoa,Australia and Oceania,North America and Oceania,Oceania,Polynesia,Oceania,Asia and the Pacific,South-Eastern Asia and the Pacific,Pacific Islands,Emerging,Annex_II,Pacific,AUS,no_mech,Other
STP,Sao Tome and Principe,190,193,STP,Sao Tome and Principe,FALSE,Sao Tome and Principe,Sao Tome and Principe,,193,Sao Tome and Principe,678,678,6,TRUE,193,,Western Africa,1,Sao Tome and Principe,Subsaharan Africa,Sub-saharan Africa,SSA,Sub-Saharan Africa,Africa,Africa,Sub-Saharan Africa,Central Africa,Emerging,Annex_II,Middle Africa,SAA,no_mech,Other
SAU,Saudi Arabia,191,194,SAU,Saudi Arabia,FALSE,Saudi Arabia,Saudi Arabia,Saudi Arabia,194,Saudi Arabia,682,682,12,TRUE,194,,Middle East,1,Saudi Arabia,Northern Africa and Western Asia,North Africa and West Asia,MENA,Western Asia,Asia,Arab States,Arab States,Arab States,Emerging,Annex_II,Western Asia,MENA,no_mech,Other
SEN,Senegal,192,195,SEN,Senegal,FALSE,Senegal,Senegal,Senegal,195,Senegal,686,686,6,TRUE,195,,Western Africa,1,Senegal,Subsaharan Africa,Sub-saharan Africa,SSA,Sub-Saharan Africa,Africa,Africa,Sub-Saharan Africa,Western Africa,Emerging,Annex_II,Western Africa,SAA,no_mech,Other
SRB,Serbia,252,272,SRB,Serbia,FALSE,Serbia,Serbia,Serbia,186,Serbia and Montenegro,688,688,9,TRUE,272,,OECD Europe,1,Serbia,Western Europe,West Europe,Europe,Southern Europe,Europe,Europe and Central Asia,"Northern, Southern and Western Europe",Southern Europe,Emerging,Annex_II,Southern Europe,Europe,mech,Europe
SCG,Serbia and Montenegro,183,186,SCG,Serbia and Montenegro,FALSE,Serbia and Montenegro,Former Serbia and Montenegro,,186,Serbia and Montenegro,891,891,9,TRUE,186,,OECD Europe,1,Serbia and Montenegro,Western Europe,West Europe,Europe,,Europe,,,,,,Southern Europe,Europe,mech,Europe
SLE,Sierra Leone,194,197,SLE,Sierra Leone,FALSE,Sierra Leone,Sierra Leone,,197,Sierra Leone,694,694,6,TRUE,197,,Western Africa,1,Sierra Leone,Subsaharan Africa,Sub-saharan Africa,SSA,Sub-Saharan Africa,Africa,Africa,Sub-Saharan Africa,Western Africa,Emerging,Annex_II,Western Africa,SAA,no_mech,Other
SGP,Singapore,197,200,SGP,Singapore,FALSE,Singapore,Singapore,Singapore,200,Singapore,702,702,15,TRUE,200,,South East Asia,1,Singapore,Southeastern Asia,South and Central Asia,S&E Asia,South-eastern Asia,Asia,Asia and the Pacific,South-Eastern Asia and the Pacific,South-Eastern Asia,Emerging,Annex_II,South-eastern Asia,SE-Asia,no_mech,Other
SVK,Slovakia,196,199,SVK,Slovakia,TRUE,Slovakia,Slovakia,Slovak Republic,199,Slovakia,703,703,10,TRUE,199,SK,Eastern Europe,1,Slovakia,Eastern and South Eastern Europe,East Europe,Europe,Eastern Europe,Europe,Europe and Central Asia,Eastern Europe,Eastern Europe,Advanced,Annex_I,Eastern Europe,Europe,mech,Europe
SVN,Slovenia,195,198,SVN,Slovenia,TRUE,Slovenia,Slovenia,Slovenia,198,Slovenia,705,705,10,TRUE,198,SI,Eastern Europe,1,Slovenia,Eastern and South Eastern Europe,East Europe,Europe,Southern Europe,Europe,Europe and Central Asia,"Northern, Southern and Western Europe",Southern Europe,Emerging,Annex_II,Southern Europe,Europe,mech,Europe
SLB,Solomon Islands,25,25,SLB,Solomon Islands,FALSE,Solomon Islands,Solomon Islands,,25,Solomon Islands,90,90,16,TRUE,25,,Oceania,1,Solomon Islands,Australia and Oceania,North America and Oceania,Oceania,Melanesia,Oceania,Asia and the Pacific,South-Eastern Asia and the Pacific,Pacific Islands,Emerging,Annex_II,Pacific,AUS,no_mech,Other
SOM,Somalia,198,201,SOM,Somalia,FALSE,Somalia,Somalia,,201,Somalia,706,706,7,TRUE,201,,Eastern Africa,1,Somalia,Subsaharan Africa,Sub-saharan Africa,SSA,Sub-Saharan Africa,Africa,Africa,Sub-Saharan Africa,Eastern Africa,Emerging,Annex_II,Eastern Africa,SAA,no_mech,Other
ZAF,South Africa,199,202,ZAF,South Africa,FALSE,South Africa,South Africa,South Africa,202,South Africa,711,710,8,TRUE,202,,Southern Africa,1,South Africa,Subsaharan Africa,Sub-saharan Africa,SSA,Sub-Saharan Africa,Africa,Africa,Sub-Saharan Africa,Southern Africa,Emerging,Annex_II,Southern Africa,SAA,mech,Other
SSD,South Sudan,255,277,SSD,South Sudan,FALSE,South Sudan,,South Sudan,206,Sudan,728,728,7,TRUE,206,,Eastern Africa,1,South Sudan,Subsaharan Africa,Sub-saharan Africa,SSA,Sub-Saharan Africa,Africa,Africa,Sub-Saharan Africa,Eastern Africa,Emerging,Annex_II,Eastern Africa,SAA,no_mech,Other
ESP,Spain,200,203,ESP,Spain,TRUE,Spain,Spain,Spain,203,Spain,724,724,9,TRUE,203,ES,OECD Europe,1,Spain,Western Europe,West Europe,Europe,Southern Europe,Europe,Europe and Central Asia,"Northern, Southern and Western Europe",Southern Europe,Advanced,Annex_I,Southern Europe,Europe,mech,Europe
LKA,Sri Lanka,38,38,LKA,Sri Lanka,FALSE,Sri Lanka,Sri Lanka,Sri Lanka,38,Sri Lanka,144,144,13,TRUE,38,,South Asia,1,Sri Lanka,Southern Asia,South and Central Asia,Southern Asia,Southern Asia,Asia,Asia and the Pacific,Southern Asia,Southern Asia,Emerging,Annex_II,Southern Asia,SE-Asia,no_mech,Other
SDN,Sudan,254,276,SDN,Sudan,FALSE,Sudan,,,206,Sudan,729,729,7,TRUE,206,,Eastern Africa,0,Sudan,Subsaharan Africa,Sub-saharan Africa,SSA,Northern Africa,Africa,Africa,Northern Africa,Northern Africa,Emerging,Annex_II,Northern Africa,MENA,no_mech,Other
SDN,Sudan,202,206,SDN,Sudan (former),FALSE,Sudan (former),Sudan and South Sudan,Sudan,206,Sudan,736,736,7,TRUE,206,,Eastern Africa,1,Sudan (former),Subsaharan Africa,Sub-saharan Africa,SSA,Northern Africa,Africa,Africa,Northern Africa,Northern Africa,Emerging,Annex_II,Northern Africa,MENA,no_mech,Other
SUR,Suriname,203,207,SUR,Suriname,FALSE,Suriname,Suriname,Suriname,207,Suriname,740,740,4,TRUE,207,,South America,1,Suriname,Latin America and the Caribbean,Latin America and Caribbean,LACA,Latin America and the Caribbean,Americas,Americas,Latin America and the Caribbean,South America,Emerging,Annex_II,Andean & Mexico,LACA,no_mech,Other
SWE,Sweden,206,210,SWE,Sweden,TRUE,Sweden,Sweden,Sweden,210,Sweden,752,752,9,TRUE,210,SE,OECD Europe,1,Sweden,Western Europe,West Europe,Europe,Northern Europe,Europe,Europe and Central Asia,"Northern, Southern and Western Europe",Northern Europe,Advanced,Annex_I,Northern Europe,Europe,mech,Europe
CHE,Switzerland,207,211,CHE,Switzerland,FALSE,Switzerland,Switzerland,Switzerland,211,Switzerland,757,756,9,TRUE,211,,OECD Europe,1,Switzerland,Western Europe,West Europe,Europe,Western Europe,Europe,Europe and Central Asia,"Northern, Southern and Western Europe",Western Europe,Advanced,Annex_I,Western Europe,Europe,mech,Europe
SYR,Syria,208,212,SYR,Syrian Arab Republic,FALSE,Syrian Arab Republic,Syria,Syrian Arab Republic,212,Syrian Arab Republic,760,760,12,TRUE,999,,Middle East,1,Syrian Arab Republic,Northern Africa and Western Asia,North Africa and West Asia,MENA,Western Asia,Asia,Arab States,Arab States,Arab States,Emerging,Annex_II,Western Asia,MENA,no_mech,Other
TJK,Tajikistan,204,208,TJK,Tajikistan,FALSE,Tajikistan,Tajikistan,Tajikistan,208,Tajikistan,762,762,11,TRUE,208,,Former USSR,1,Tajikistan,Central Asia and Russian Federation,South and Central Asia,CAS & Russia,Central Asia,Asia,Europe and Central Asia,Central and Western Asia,Central Asia,Emerging,Annex_II,FSU,FSU,mech,Other
TZA,Tanzania,211,215,TZA,United Republic of Tanzania,FALSE,Tanzania,Tanzania,United Republic of Tanzania,215,"Tanzania, United Republic of",834,834,8,TRUE,215,,Southern Africa,1,United Republic of Tanzania,Subsaharan Africa,Sub-saharan Africa,SSA,Sub-Saharan Africa,Africa,Africa,Sub-Saharan Africa,Eastern Africa,Emerging,Annex_II,Eastern Africa,SAA,no_mech,Other
THA,Thailand,212,216,THA,Thailand,FALSE,Thailand,Thailand,Thailand,216,Thailand,764,764,15,TRUE,216,,South East Asia,1,Thailand,Southeastern Asia,South and Central Asia,S&E Asia,South-eastern Asia,Asia,Asia and the Pacific,South-Eastern Asia and the Pacific,South-Eastern Asia,Emerging,Annex_II,South-eastern Asia,SE-Asia,no_mech,Other
TLS,Timor-Leste,173,176,TLS,Timor-Leste,FALSE,Timor-Leste,Timor-Leste (East Timor),,176,Timor-Leste,626,626,15,TRUE,176,,South East Asia,1,Timor-Leste,Southeastern Asia,South and Central Asia,S&E Asia,South-eastern Asia,Asia,Asia and the Pacific,South-Eastern Asia and the Pacific,South-Eastern Asia,Emerging,Annex_II,South-eastern Asia,SE-Asia,no_mech,Other
TGO,Togo,213,217,TGO,Togo,FALSE,Togo,Togo,Togo,217,Togo,768,768,6,TRUE,217,,Western Africa,1,Togo,Subsaharan Africa,Sub-saharan Africa,SSA,Sub-Saharan Africa,Africa,Africa,Sub-Saharan Africa,Western Africa,Emerging,Annex_II,Western Africa,SAA,no_mech,Other
TTO,Trinidad and Tobago,216,220,TTO,Trinidad and Tobago,FALSE,Trinidad and Tobago,Trinidad and Tobago,Trinidad and Tobago,220,Trinidad and Tobago,780,780,3,TRUE,220,,Central America,1,Trinidad and Tobago,Latin America and the Caribbean,Latin America and Caribbean,LACA,Latin America and the Caribbean,Americas,Americas,Latin America and the Caribbean,Caribbean,Emerging,Annex_II,Caribbean & Centra Am.,LACA,no_mech,Other
TUN,Tunisia,218,222,TUN,Tunisia,FALSE,Tunisia,Tunisia,Tunisia,222,Tunisia,788,788,5,TRUE,222,,Northern Africa,1,Tunisia,Northern Africa and Western Asia,North Africa and West Asia,MENA,Northern Africa,Africa,Africa,Northern Africa,Northern Africa,Emerging,Annex_II,Northern Africa,MENA,no_mech,Other
TUR,Turkey,219,223,TUR,Türkiye,FALSE,Turkey,Turkey,Turkey,223,Turkey,792,792,12,TRUE,223,,Middle East,1,Turkey,Northern Africa and Western Asia,North Africa and West Asia,MENA,Western Asia,Asia,Europe and Central Asia,Central and Western Asia,Western Asia,Advanced,Annex_I,Western Asia,MENA,no_mech,Other
TKM,Turkmenistan,209,213,TKM,Turkmenistan,FALSE,Turkmenistan,Turkmenistan,Turkmenistan,213,Turkmenistan,795,795,11,TRUE,213,,Former USSR,1,Turkmenistan,Central Asia and Russian Federation,South and Central Asia,CAS & Russia,Central Asia,Asia,Europe and Central Asia,Central and Western Asia,Central Asia,Emerging,Annex_II,FSU,FSU,mech,Other
UGA,Uganda,222,226,UGA,Uganda,FALSE,Uganda,Uganda,,226,Uganda,800,800,7,TRUE,226,,Eastern Africa,1,Uganda,Subsaharan Africa,Sub-saharan Africa,SSA,Sub-Saharan Africa,Africa,Africa,Sub-Saharan Africa,Eastern Africa,Emerging,Annex_II,Eastern Africa,SAA,no_mech,Other
UKR,Ukraine,226,230,UKR,Ukraine,FALSE,Ukraine,Ukraine,Ukraine,230,Ukraine,804,804,11,TRUE,230,,Former USSR,1,Ukraine,Eastern and South Eastern Europe,East Europe,Europe,Eastern Europe,Europe,Europe and Central Asia,Eastern Europe,Eastern Europe,Emerging,Annex_I,FSU,FSU,mech,Europe
ARE,United Arab Emirates,221,225,ARE,United Arab Emirates,FALSE,United Arab Emirates,United Arab Emirates,United Arab Emirates,225,United Arab Emirates,784,784,12,TRUE,225,,Middle East,1,United Arab Emirates,Northern Africa and Western Asia,North Africa and West Asia,MENA,Western Asia,Asia,Arab States,Arab States,Arab States,Emerging,Annex_II,Western Asia,MENA,no_mech,Other
GBR,United Kingdom,225,229,GBR,United Kingdom of Great Britain and Northern Ireland,FALSE,United Kingdom,United Kingdom,United Kingdom,229,United Kingdom,826,826,9,TRUE,229,,OECD Europe,1,United Kingdom,Western Europe,West Europe,Europe,Northern Europe,Europe,Europe and Central Asia,"Northern, Southern and Western Europe",Northern Europe,Advanced,Annex_I,Northern Europe,Europe,mech,Europe
USA,United States of America,227,231,USA,United States of America,FALSE,United States of America,United States,United States,231,United States of America,842,840,2,TRUE,231,,USA,1,United States of America,Northern America,North America and Oceania,Northern America,Northern America,Americas,Americas,Northern America,Northern America,Advanced,Annex_I,Northern America,NAME,mech,Other
URY,Uruguay,230,234,URY,Uruguay,FALSE,Uruguay,Uruguay,Uruguay,234,Uruguay,858,858,4,TRUE,234,,South America,1,Uruguay,Latin America and the Caribbean,Latin America and Caribbean,LACA,Latin America and the Caribbean,Americas,Americas,Latin America and the Caribbean,South America,Emerging,Annex_II,South America - South Cone,LACA,mech,Other
SUN,USSR,224,228,SUN,USSR,FALSE,USSR,Former U.S.S.R.,,185,Russian Federation,810,810,11,TRUE,228,,Former USSR,1,FSU,Central Asia and Russian Federation,South and Central Asia,CAS & Russia,,Asia,,,,,,FSU,FSU,,Other
UZB,Uzbekistan,231,235,UZB,Uzbekistan,FALSE,Uzbekistan,Uzbekistan,Uzbekistan,235,Uzbekistan,860,860,11,TRUE,235,,Former USSR,1,Uzbekistan,Central Asia and Russian Federation,South and Central Asia,CAS & Russia,Central Asia,Asia,Europe and Central Asia,Central and Western Asia,Central Asia,Emerging,Annex_II,FSU,FSU,mech,Other
VUT,Vanuatu,152,155,VUT,Vanuatu,FALSE,Vanuatu,Vanuatu,,155,Vanuatu,548,548,16,TRUE,155,,Oceania,1,Vanuatu,Australia and Oceania,North America and Oceania,Oceania,Melanesia,Oceania,Asia and the Pacific,South-Eastern Asia and the Pacific,Pacific Islands,Emerging,Annex_II,Pacific,AUS,no_mech,Other
VEN,Venezuela,232,236,VEN,Venezuela (Bolivarian Republic of),FALSE,Venezuela,Venezuela,Venezuela,236,"Venezuela, Bolivarian Republic of",862,862,4,TRUE,236,,South America,1,Venezuela (Bolivarian Republic of),Latin America and the Caribbean,Latin America and Caribbean,LACA,Latin America and the Caribbean,Americas,Americas,Latin America and the Caribbean,South America,Emerging,Annex_II,Andean & Mexico,LACA,no_mech,Other
VNM,Viet Nam,233,237,VNM,Viet Nam,FALSE,Viet Nam,Vietnam,Viet Nam,237,Viet Nam,704,704,15,TRUE,237,,South East Asia,1,Viet Nam,Southeastern Asia,South and Central Asia,S&E Asia,South-eastern Asia,Asia,Asia and the Pacific,South-Eastern Asia and the Pacific,South-Eastern Asia,Emerging,Annex_II,South-eastern Asia,SE-Asia,no_mech,Other
YEM,Yemen,241,249,YEM,Yemen,FALSE,Yemen,Yemen,Yemen,249,Yemen,887,887,12,TRUE,249,,Middle East,1,Yemen,Northern Africa and Western Asia,North Africa and West Asia,MENA,Western Asia,Asia,Arab States,Arab States,Arab States,Emerging,Annex_II,Western Asia,MENA,no_mech,Other
YUG,Yugoslav SFR,240,248,YUG,Yugoslav SFR,FALSE,Yugoslav SFR,Former Yugoslavia,,186,Serbia and Montenegro,891,890,10,TRUE,248,,Eastern Europe,1,Yugoslav SFR,Eastern and South Eastern Europe,East Europe,Europe,,Europe,,,,,,Southern Europe,Europe,,Europe
ZMB,Zambia,243,251,ZMB,Zambia,FALSE,Zambia,Zambia,Zambia,251,Zambia,894,894,8,TRUE,251,,Southern Africa,1,Zambia,Subsaharan Africa,Sub-saharan Africa,SSA,Sub-Saharan Africa,Africa,Africa,Sub-Saharan Africa,Eastern Africa,Emerging,Annex_II,Eastern Africa,SAA,no_mech,Other
ZWE,Zimbabwe,178,181,ZWE,Zimbabwe,FALSE,Zimbabwe,Zimbabwe,Zimbabwe,181,Zimbabwe,716,716,8,TRUE,181,,Southern Africa,1,Zimbabwe,Subsaharan Africa,Sub-saharan Africa,SSA,Sub-Saharan Africa,Africa,Africa,Sub-Saharan Africa,Eastern Africa,Emerging,Annex_II,Eastern Africa,SAA,no_mech,Other
GBR,United Kingdom,,,GGY,,,,,,,,,,,,,,,,,,,,,,,,,,,,,,
GBR,United Kingdom,,,JEY,,,,,,,,,,,,,,,,,,,,,,,,,,,,,,
GBR,United Kingdom,,,IMN,,,,,,,,,,,,,,,,,,,,,,,,,,,,,,
FIN,Finland,,,ALA,,,,,,,,,,,,,,,,,,,,,,,,,,,,,,
FRA,France,,,BLM,,,,,,,,,,,,,,,,,,,,,,,,,,,,,,
NLD,Netherlands,,,SXM,,,,,,,,,,,,,,,,,,,,,,,,,,,,,,
